column,dtype,unique_values,missing_count,missing_percentage,mean,median,std_dev,min,max,q25,q75
0,float64,0,757,100.0,,,,,,,
loan_id,int64,8,0,0.0,101056140313.02641,100829595540.0,1025019319.8601214,100023020488.0,102458150755.0,100039488159.0,102218329006.0
reporting_period,int64,132,0,0.0,67205.35931307793,72010.0,34604.25581432602,12010.0,122019.0,42010.0,102009.0
3,object,2,0,0.0,,,,,,,
4,object,4,0,0.0,,,,,,,
5,object,5,5,0.6605019815059445,,,,,,,
6,float64,0,757,100.0,,,,,,,
orig_interest_rate,float64,6,0,0.0,4.863606340819023,4.375,0.5855384677443644,4.375,5.875,4.375,5.375
current_interest_rate,float64,7,5,0.6605019815059445,4.712765957446808,4.375,0.5458214308411926,4.0,5.875,4.375,5.375
orig_upb,float64,8,0,0.0,158441.21532364597,148000.0,114330.22482979795,55000.0,620000.0,101000.0,165000.0
current_upb,float64,0,757,100.0,,,,,,,
11,float64,580,0,0.0,125811.60031704095,104533.33,113963.60115139237,0.0,615881.26,51604.9,161950.86
orig_loan_term,int64,3,0,0.0,308.3223249669749,360.0,73.43399794268754,180.0,360.0,240.0,360.0
origination_date,int64,3,0,0.0,75060.51915455746,72009.0,5870.177380409943,72009.0,92009.0,72009.0,72009.0
first_payment_date,int64,3,0,0.0,95060.51915455746,92009.0,5870.177380409943,92009.0,112009.0,92009.0,92009.0
loan_age,float64,132,5,0.6605019815059445,55.875,50.5,37.695186658295356,-1.0,130.0,23.0,88.0
16,float64,372,5,0.6605019815059445,272.31117021276594,297.5,107.92061481828488,52.0,480.0,175.0,343.0
17,float64,303,87,11.492734478203435,245.48208955223882,271.0,100.63506333138044,4.0,360.0,161.25,340.0
18,float64,6,5,0.6605019815059445,85613.47207446808,82039.0,6433.193489906858,82024.0,102058.0,82039.0,92029.0
orig_ltv,int64,7,0,0.0,69.84280052840158,71.0,9.395082952324472,55.0,89.0,62.0,75.0
20,int64,8,0,0.0,71.78467635402906,71.0,11.742266522112828,55.0,90.0,62.0,75.0
21,int64,3,0,0.0,1.7093791281373845,2.0,0.7418547186154733,1.0,3.0,1.0,2.0
dti,int64,6,0,0.0,33.42404227212682,32.0,6.468573032561029,19.0,54.0,32.0,36.0
borrower_credit_score,int64,8,0,0.0,734.2404227212681,728.0,39.34638341260551,666.0,795.0,714.0,754.0
24,float64,4,350,46.23513870541612,766.923832923833,795.0,48.0529941148373,699.0,810.0,699.0,810.0
25,object,1,0,0.0,,,,,,,
26,object,3,0,0.0,,,,,,,
27,object,2,0,0.0,,,,,,,
28,int64,2,0,0.0,1.2377807133421401,1.0,0.4260056132700433,1.0,2.0,1.0,1.0
29,object,1,0,0.0,,,,,,,
30,object,8,0,0.0,,,,,,,
31,int64,8,0,0.0,26048.375165125497,23540.0,11736.429476368608,0.0,47900.0,17140.0,33460.0
32,int64,8,0,0.0,468.778071334214,452.0,286.3065353148618,7.0,959.0,326.0,760.0
33,float64,1,719,94.98018494055482,25.0,25.0,0.0,25.0,25.0,25.0,25.0
34,object,1,0,0.0,,,,,,,
35,object,1,0,0.0,,,,,,,
36,object,1,0,0.0,,,,,,,
37,float64,0,757,100.0,,,,,,,
38,float64,0,757,100.0,,,,,,,
delinquency_status,object,35,0,0.0,,,,,,,
40,object,4,747,98.67899603698811,,,,,,,
41,object,2,5,0.6605019815059445,,,,,,,
42,float64,0,757,100.0,,,,,,,
zero_balance_code,float64,3,752,99.33949801849406,3.6,1.0,3.714835124201342,1.0,9.0,1.0,6.0
44,float64,5,752,99.33949801849406,82015.0,92012.0,23451.013069801484,52020.0,102018.0,62012.0,102013.0
45,float64,5,752,99.33949801849406,242922.384,188084.63,218901.78790959495,3558.87,595487.87,161950.86,265529.69
46,float64,0,757,100.0,,,,,,,
47,float64,0,757,100.0,,,,,,,
48,float64,7,750,99.07529722589167,684.2685714285715,227.94,1271.7264438343723,69.56,3558.87,148.535,318.22
49,float64,0,757,100.0,,,,,,,
50,float64,3,754,99.60369881109644,88680.0,92018.0,35118.1816727461,52012.0,122010.0,72015.0,107014.0
51,float64,1,756,99.8678996036988,102013.0,102013.0,,102013.0,102013.0,102013.0,102013.0
52,float64,1,756,99.8678996036988,82014.0,82014.0,,82014.0,82014.0,82014.0,82014.0
53,float64,1,756,99.8678996036988,6034.63,6034.63,,6034.63,6034.63,6034.63,6034.63
54,float64,1,756,99.8678996036988,2639.45,2639.45,,2639.45,2639.45,2639.45,2639.45
55,float64,1,756,99.8678996036988,2384.96,2384.96,,2384.96,2384.96,2384.96,2384.96
56,float64,1,756,99.8678996036988,4590.36,4590.36,,4590.36,4590.36,4590.36,4590.36
57,float64,1,756,99.8678996036988,3637.52,3637.52,,3637.52,3637.52,3637.52,3637.52
58,float64,1,756,99.8678996036988,122077.75,122077.75,,122077.75,122077.75,122077.75,122077.75
59,float64,0,757,100.0,,,,,,,
60,float64,0,757,100.0,,,,,,,
61,float64,0,757,100.0,,,,,,,
62,float64,1,674,89.03566710700133,0.0,0.0,0.0,0.0,0.0,0.0,0.0
63,float64,1,754,99.60369881109644,0.0,0.0,0.0,0.0,0.0,0.0,0.0
64,float64,0,757,100.0,,,,,,,
65,float64,0,757,100.0,,,,,,,
66,float64,0,757,100.0,,,,,,,
67,float64,0,757,100.0,,,,,,,
68,float64,0,757,100.0,,,,,,,
69,float64,0,757,100.0,,,,,,,
70,float64,0,757,100.0,,,,,,,
71,float64,0,757,100.0,,,,,,,
72,float64,1,719,94.98018494055482,1.0,1.0,0.0,1.0,1.0,1.0,1.0
73,object,2,5,0.6605019815059445,,,,,,,
74,float64,0,757,100.0,,,,,,,
75,float64,0,757,100.0,,,,,,,
76,float64,0,757,100.0,,,,,,,
77,float64,0,757,100.0,,,,,,,
78,float64,0,757,100.0,,,,,,,
79,float64,1,754,99.60369881109644,0.0,0.0,0.0,0.0,0.0,0.0,0.0
80,object,1,0,0.0,,,,,,,
81,float64,0,757,100.0,,,,,,,
82,float64,0,757,100.0,,,,,,,
83,float64,0,757,100.0,,,,,,,
84,float64,0,757,100.0,,,,,,,
85,float64,0,757,100.0,,,,,,,
86,object,1,0,0.0,,,,,,,
87,float64,0,757,100.0,,,,,,,
88,float64,0,757,100.0,,,,,,,
89,float64,0,757,100.0,,,,,,,
90,float64,0,757,100.0,,,,,,,
91,float64,0,757,100.0,,,,,,,
92,float64,0,757,100.0,,,,,,,
93,float64,0,757,100.0,,,,,,,
94,float64,0,757,100.0,,,,,,,
95,float64,0,757,100.0,,,,,,,
96,float64,0,757,100.0,,,,,,,
97,float64,0,757,100.0,,,,,,,
98,float64,0,757,100.0,,,,,,,
99,float64,0,757,100.0,,,,,,,
100,float64,0,757,100.0,,,,,,,
101,float64,1,746,98.54689564068693,7.0,7.0,0.0,7.0,7.0,7.0,7.0
102,object,1,0,0.0,,,,,,,
103,float64,0,757,100.0,,,,,,,
104,object,2,752,99.33949801849406,,,,,,,
105,float64,1,746,98.54689564068693,7.0,7.0,0.0,7.0,7.0,7.0,7.0
106,float64,0,757,100.0,,,,,,,
107,float64,0,757,100.0,,,,,,,
