loan_id,origination_date,loan_amount,interest_rate,term_months,credit_score,dti,ltv,status,employment_length_years,annual_income,dq_score,prob_default,prob_delinquent,prob_prepaid,is_anomaly,exception_probability,exception_type
102458150755,2009-07-01,149475.35621694956,0.0369915769719183,360,754,0.29,0.71,Default,2,170114.94252873564,100.0,0.4861111144224803,0.2041798730691274,0.2437680413325627,0,0.33979235919011996,High variance in interest_rate
101812620634,2009-07-01,278622.8499323475,0.0472041393826568,360,737,0.4,0.89,Current,1,231666.66666666663,100.0,0.2464978098869323,0.2286243140697479,0.2760912775993347,0,0.23272600800365228,High variance in ltv
100829595540,2009-07-01,174549.93452852077,0.0565775188628384,360,666,0.32,0.8,Prepaid,5,182291.6666666667,100.0,0.2464978098869323,0.2286243140697479,0.2658633440732956,0,0.1128795457892342,High variance in credit_score
100050465903,2009-07-01,302055.0109449681,0.0554806038847049,360,710,0.54,0.74,Delinquent,2,382716.049382716,100.0,0.2464978098869323,0.2319576491912206,0.2711970110734303,0,0.20784709055794315,High variance in dti
100039488159,2009-07-01,154400.62497704622,0.0411697763589131,180,795,0.36,0.62,Default,5,143518.5185185185,100.0,0.4096405307451884,0.2111243158578872,0.2569341858228047,0,0.26846226585477106,High variance in term_months
102458150755,2009-07-01,149237.81631197347,0.0438987806974787,360,754,0.29,0.71,Current,2,170114.94252873564,100.0,0.2464978098869323,0.2111243158578872,0.2711970110734303,0,0.15129959299105755,High variance in interest_rate
102218329006,2009-07-01,100885.4601547474,0.0438915918806523,360,728,0.32,0.74,Current,2,105208.33333333334,100.0,0.2464978098869323,0.2041798730691274,0.2580308665831883,0,0.0006771023522554875,High variance in loan_amount
101812620634,2009-07-01,279353.8723741654,0.0521575034868631,360,737,0.4,0.89,Delinquent,1,231666.66666666663,100.0,0.1563017268975575,0.2339743574460347,0.2437680413325627,0,0.4108294426706883,High variance in ltv
100829595540,2009-07-01,173286.86547090914,0.0585522242307167,360,666,0.32,0.8,Default,5,182291.6666666667,90.0,0.4096405307451884,0.1549063672622045,0.2580308665831883,0,0.3137643441244522,High variance in credit_score
100050465903,2009-07-01,302055.0109449681,0.0495947172979586,360,710,0.54,0.74,Prepaid,2,382716.049382716,100.0,0.2464978098869323,0.2111243158578872,0.2580308665831883,0,0.4944407491853652,High variance in dti
100039488159,2009-07-01,156831.45876585436,0.0373662571208984,180,795,0.36,0.62,Default,5,143518.5185185185,100.0,0.4096405307451884,0.2111243158578872,0.2580308665831883,0,0.7297580927260132,High variance in term_months
102458150755,2009-07-01,148491.9191715065,0.0447884384358155,360,754,0.29,0.71,Prepaid,2,170114.94252873564,100.0,0.2464978098869323,0.2044073045253753,0.2580308665831883,0,0.06450662770134785,High variance in employment_length_years
102218329006,2009-07-01,100101.58532865164,0.0458980910956629,360,728,0.32,0.74,Default,2,105208.33333333334,100.0,0.4096405307451884,0.2041798730691274,0.2569341858228047,0,0.054822417600285944,High variance in loan_amount
101812620634,2009-07-01,277423.0963443376,0.04044519533242,360,737,0.4,0.89,Delinquent,1,231666.66666666663,90.0,0.2464978098869323,0.2319576491912206,0.2580308665831883,0,0.40670998496492006,High variance in ltv
100829595540,2009-07-01,175950.42383818605,0.0583991714427067,360,666,0.32,0.8,Delinquent,5,182291.6666666667,100.0,0.2464978098869323,0.2319576491912206,0.2580308665831883,0,0.16995831229188896,High variance in credit_score
100050465903,2009-07-01,302055.0109449681,0.0591696107727445,360,710,0.54,0.74,Prepaid,2,382716.049382716,100.0,0.2472108205159505,0.2286243190368016,0.3375180413325627,0,0.31583119956792016,High variance in dti
100039488159,2009-07-01,155150.3937864762,0.0491539036277731,180,795,0.36,0.62,Prepaid,5,143518.5185185185,100.0,0.2472108205159505,0.2286243140697479,0.3375180413325627,0,0.31582767265208433,High variance in term_months
102458150755,2009-07-01,147474.24497831924,0.0468029287264191,360,754,0.29,0.71,Prepaid,2,170114.94252873564,100.0,0.2464978098869323,0.2041798730691274,0.3698412775993347,0,0.1508977099938451,High variance in employment_length_years
102218329006,2009-07-01,99932.3795706174,0.0448606688581685,360,728,0.32,0.74,Current,2,105208.33333333334,100.0,0.1563017268975575,0.2198636978864669,0.2437680413325627,0,0.06338367570392656,High variance in loan_amount
102458150755,2009-07-01,147857.6205149787,0.0413562568916826,360,754,0.29,0.71,Default,2,170114.94252873564,100.0,0.4096405307451884,0.1245579868555069,0.2437680413325627,0,0.06455368204487166,High variance in interest_rate
100039488159,2009-07-01,155514.43883405876,0.0392769634889024,180,795,0.36,0.62,Delinquent,5,143518.5185185185,100.0,0.2464978098869323,0.2319576491912206,0.2437680413325627,0,0.2856907133133919,High variance in term_months
100050465903,2009-07-01,302055.0109449681,0.0540656417791932,360,710,0.54,0.74,Prepaid,2,382716.049382716,100.0,0.2464978098869323,0.2111243158578872,0.3125763237476349,0,0.24329853484198993,High variance in dti
100050465903,2009-07-01,302055.0109449681,0.054826575563066,360,710,0.54,0.74,Delinquent,2,382716.049382716,100.0,0.2464978098869323,0.2319576491912206,0.3125763237476349,0,0.19060760775789198,High variance in dti
100039488159,2009-07-01,155717.54225579597,0.0399110121744793,180,795,0.36,0.62,Prepaid,5,143518.5185185185,100.0,0.2464978098869323,0.2286243140697479,0.3253968308369319,0,0.31188310648064443,High variance in term_months
102458150755,2009-07-01,145960.7678222399,0.039156740267579,360,754,0.29,0.71,Delinquent,2,170114.94252873564,100.0,0.2464978098869323,0.4903846134742101,0.2316468308369318,0,0.340763160877274,High variance in interest_rate
102218329006,2009-07-01,99816.74148733422,0.0370277474448286,360,728,0.32,0.74,Current,2,105208.33333333334,100.0,0.2464978098869323,0.2286243140697479,0.2437680413325627,0,0.34945525307781355,High variance in interest_rate
101812620634,2009-07-01,276241.2605135769,0.0473410769556974,360,737,0.4,0.89,Delinquent,1,231666.66666666663,100.0,0.2464978098869323,0.2319576491912206,0.2711970110734303,0,0.4242574998552925,High variance in ltv
100829595540,2009-07-01,176058.42448684957,0.0566490659145207,360,666,0.32,0.8,Current,5,182291.6666666667,100.0,0.2464978098869323,0.2111243158578872,0.2316468308369318,0,0.20723210677780213,High variance in credit_score
100050465903,2009-07-01,302055.0109449681,0.0628978607286535,360,710,0.54,0.74,Current,2,382716.049382716,100.0,0.2464978098869323,0.230641022324562,0.2569341858228047,0,0.6967799517329712,High variance in dti
100039488159,2009-07-01,156368.63155753235,0.0510169223855885,180,795,0.36,0.62,Prepaid,5,143518.5185185185,100.0,0.1715914408365885,0.230641022324562,0.2580308665831883,0,0.5791689284742323,High variance in term_months
102218329006,2009-07-01,98876.1042756902,0.0456509892550298,360,728,0.32,0.74,Delinquent,2,105208.33333333334,100.0,0.2464978098869323,0.2319576491912206,0.2983134984970093,0,0.21511913710952035,High variance in loan_amount
102458150755,2009-07-01,148971.57095095437,0.0419358071978017,360,754,0.29,0.71,Prepaid,2,170114.94252873564,100.0,0.2464978098869323,0.1292735040187835,0.5587301651636759,0,0.10079236837362093,High variance in interest_rate
101812620634,2009-07-01,279755.3408424432,0.0557967372009279,360,737,0.4,0.89,Default,1,231666.66666666663,100.0,0.4096405307451884,0.2286243140697479,0.2437680413325627,0,0.6144506628641229,High variance in ltv
100829595540,2009-07-01,177060.747924882,0.0561635577494981,360,666,0.32,0.8,Default,5,182291.6666666667,100.0,0.4096405307451884,0.2041798730691274,0.2437680413325627,0,0.3121760575292719,High variance in credit_score
100050465903,2009-07-01,302055.0109449681,0.0554114199463771,360,710,0.54,0.74,Prepaid,2,382716.049382716,100.0,0.2464978098869323,0.2286243140697479,0.3506841858228047,0,0.20277146072247698,High variance in dti
100039488159,2009-07-01,155115.67463429287,0.0481981539781171,180,795,0.36,0.62,Delinquent,5,143518.5185185185,100.0,0.2464978098869323,0.3173076907793681,0.2580308665831883,0,0.2520496044274393,High variance in term_months
102458150755,2009-07-01,147251.51346344344,0.0363221981348151,360,754,0.29,0.71,Current,2,170114.94252873564,100.0,0.2464978098869323,0.2041798730691274,0.2580308665831883,0,0.2719800852866151,High variance in interest_rate
102218329006,2009-07-01,101332.3140119796,0.0489092226973431,360,728,0.32,0.74,Current,2,105208.33333333334,100.0,0.2464978098869323,0.2286243140697479,0.2580308665831883,0,0.07175871492068753,High variance in loan_amount
101812620634,2009-07-01,279277.6768218985,0.0497327738825578,360,737,0.4,0.89,Delinquent,1,231666.66666666663,100.0,0.2464978098869323,0.2319576491912206,0.2437680413325627,0,0.38553857661338087,High variance in ltv
100829595540,2009-07-01,173465.8858292644,0.0659848894217686,360,666,0.32,0.8,Current,5,182291.6666666667,100.0,0.2472108205159505,0.2286243140697479,0.2580308665831883,0,0.5236155796301816,High variance in interest_rate
102218329006,2009-07-01,100751.03585152092,0.0552444906180962,360,728,0.32,0.74,Delinquent,2,105208.33333333334,100.0,0.1563017268975575,0.2319576491912206,0.2437680413325627,0,0.2760821939442397,High variance in loan_amount
100829595540,2009-07-01,176628.6155455713,0.0665025024640703,360,666,0.32,0.8,Delinquent,5,182291.6666666667,100.0,0.3526841501394908,0.2319576491912206,0.1517045448223749,0,0.5629095048641888,High variance in interest_rate
101812620634,2009-07-01,277400.607354556,0.0420732782064494,360,737,0.4,0.89,Current,1,231666.66666666663,100.0,0.1563017268975575,0.2100850244363149,0.2903541028499603,0,0.3321555202672527,High variance in ltv
100050465903,2009-07-01,302055.0109449681,0.0546278328544997,360,710,0.54,0.74,Current,2,382716.049382716,100.0,0.2464978098869323,0.2286243140697479,0.3125763237476349,0,0.20232379302157,High variance in dti
100829595540,2009-07-01,174281.55577874757,0.0556924109850402,360,666,0.32,0.8,Delinquent,5,182291.6666666667,100.0,0.0813953578472137,0.2319576491912206,0.2711970110734303,0,0.11805621528071542,High variance in credit_score
100050465903,2009-07-01,302055.0109449681,0.0559338338223853,360,710,0.54,0.74,Default,2,382716.049382716,100.0,0.4096405307451884,0.230641022324562,0.2437680413325627,0,0.2058902805164906,High variance in dti
100039488159,2009-07-01,155232.04993735763,0.0401212809342326,180,795,0.36,0.62,Default,5,143518.5185185185,100.0,0.4103535413742065,0.2286243140697479,0.2437680413325627,0,0.30097664412743574,High variance in term_months
102458150755,2009-07-01,147493.05682462887,0.0438804552510541,360,754,0.29,0.71,Default,2,170114.94252873564,100.0,0.4096405307451884,0.1304619262615839,0.2983134984970093,0,0.08240243301377248,High variance in interest_rate
102218329006,2009-07-01,101244.96657110871,0.0406259071115216,360,728,0.32,0.74,Default,2,105208.33333333334,100.0,0.4096405307451884,0.210382267832756,0.2437680413325627,0,0.06604613443919183,High variance in interest_rate
101812620634,2009-07-01,278243.6872114919,0.0423521151663214,360,737,0.4,0.89,Delinquent,1,231666.66666666663,100.0,0.2464978098869323,0.2319576491912206,0.2711970110734303,0,0.3685157532285104,High variance in ltv
100829595540,2009-07-01,174177.77960443357,0.0495456288433417,360,666,0.32,0.8,Default,5,182291.6666666667,100.0,0.4096405307451884,0.1292908787727356,0.2580308665831883,0,0.3921794023476266,High variance in credit_score
100050465903,2009-07-01,302055.0109449681,0.0633273722223128,360,710,0.54,0.74,Delinquent,2,382716.049382716,100.0,0.2464978098869323,0.2339743574460347,0.2437680413325627,0,0.7001565445215003,High variance in dti
100039488159,2009-07-01,154678.61415834702,0.0486634549197275,180,795,0.36,0.62,Current,5,143518.5185185185,100.0,0.2464978098869323,0.221842274069786,0.2580308665831883,0,0.30747183870535744,High variance in term_months
102458150755,2009-07-01,147852.94261849785,0.0461129874120652,360,754,0.29,0.71,Default,2,170114.94252873564,100.0,0.4096405307451884,0.2041798730691274,0.2569341858228047,0,0.08006034474895585,High variance in employment_length_years
102218329006,2009-07-01,101975.11973341776,0.0488957781866282,360,728,0.32,0.74,Delinquent,2,105208.33333333334,100.0,0.2464978098869323,0.2319576491912206,0.2711970110734303,0,0.1404113873246401,High variance in loan_amount
101812620634,2009-07-01,277322.83828848787,0.0402370819788108,360,737,0.4,0.89,Default,1,231666.66666666663,100.0,0.3124183118343353,0.2111243158578872,0.2580308665831883,0,0.46185656412071263,High variance in ltv
100829595540,2009-07-01,175075.80455819372,0.0607912637785723,360,666,0.32,0.8,Current,5,182291.6666666667,100.0,0.2464978098869323,0.2111243158578872,0.2903541028499603,0,0.08283005372347807,High variance in credit_score
100050465903,2009-07-01,302055.0109449681,0.0559792262754884,360,710,0.54,0.74,Current,2,382716.049382716,100.0,0.2464978098869323,0.230641022324562,0.2437680413325627,0,0.20804998991999468,High variance in dti
100039488159,2009-07-01,155628.34550926427,0.0398584763729884,180,795,0.36,0.62,Default,5,143518.5185185185,100.0,0.4096405307451884,0.230641022324562,0.2580308665831883,0,0.2976854450405274,High variance in term_months
102458150755,2009-07-01,148791.66269396295,0.0454879085268083,360,754,0.29,0.71,Delinquent,2,170114.94252873564,100.0,0.2464978098869323,0.2319576491912206,0.2437680413325627,0,0.11864656604068557,High variance in employment_length_years
102218329006,2009-07-01,102158.11087350007,0.0438421696653269,360,728,0.32,0.74,Prepaid,2,105208.33333333334,100.0,0.2472108205159505,0.2041798730691274,0.5365079442660013,0,0.11074878229168883,High variance in loan_amount
101812620634,2009-07-01,277786.5528482881,0.0417166945157588,360,737,0.4,0.89,Prepaid,1,231666.66666666663,100.0,0.1563017268975575,0.2286243140697479,0.3375180413325627,0,0.37158845145126507,High variance in ltv
102218329006,2009-07-01,101310.907565598,0.0391338337694454,360,728,0.32,0.74,Current,2,105208.33333333334,100.0,0.2464978098869323,0.2041798730691274,0.2437680413325627,0,0.13756210786384693,High variance in interest_rate
102218329006,2009-07-01,101086.5897874729,0.0425438197107183,360,728,0.32,0.74,Prepaid,2,105208.33333333334,100.0,0.2464978098869323,0.2041798730691274,0.4234751363595326,0,0.03144730043999344,High variance in interest_rate
100039488159,2009-07-01,154840.06147003657,0.0490182089830391,180,795,0.36,0.62,Prepaid,5,143518.5185185185,100.0,0.2472108205159505,0.2041798730691274,0.3375180413325627,0,0.3115705792154677,High variance in term_months
100039488159,2009-07-01,155183.34200573835,0.0425124068222424,180,795,0.36,0.62,Delinquent,5,143518.5185185185,100.0,0.2464978098869323,0.2319576491912206,0.2711970110734303,0,0.21964220574068127,High variance in term_months
102458150755,2009-07-01,147232.65243711194,0.0358988764005477,360,754,0.29,0.71,Prepaid,2,170114.94252873564,100.0,0.2464978098869323,0.2041798730691274,0.3375180413325627,0,0.2939415181628897,High variance in interest_rate
102218329006,2009-07-01,103153.18245751156,0.0468590498110859,360,728,0.32,0.74,Delinquent,2,105208.33333333334,100.0,0.2464978098869323,0.2319576491912206,0.2580308665831883,0,0.2425429635758516,High variance in annual_income
101812620634,2009-07-01,278959.2708260852,0.0536127722481336,360,737,0.4,0.89,Default,1,231666.66666666663,100.0,0.4096405307451884,0.2286243140697479,0.2711970110734303,0,0.33658222375661284,High variance in ltv
100829595540,2009-07-01,176451.14360779503,0.0619120386952776,360,666,0.32,0.8,Default,5,182291.6666666667,100.0,0.777777781089147,0.2111243158578872,0.2760912775993347,0,0.26239512843039803,High variance in credit_score
100050465903,2009-07-01,302055.0109449681,0.0585387596772773,360,710,0.54,0.74,Prepaid,2,382716.049382716,100.0,0.2464978098869323,0.2286243190368016,0.3506841858228047,0,0.3459797881857989,High variance in dti
100039488159,2009-07-01,154226.99021614454,0.0528122427899846,180,795,0.36,0.62,Current,5,143518.5185185185,100.0,0.2464978098869323,0.230641022324562,0.2437680413325627,0,0.620816997941811,High variance in term_months
102458150755,2009-07-01,148012.59240078178,0.0526040031781775,360,754,0.29,0.71,Current,2,170114.94252873564,100.0,0.2464978098869323,0.1304619262615839,0.2437680413325627,0,0.23740833257495841,High variance in employment_length_years
100829595540,2009-07-01,174160.27815781924,0.0596385050046662,360,666,0.32,0.8,Current,5,182291.6666666667,100.0,0.2464978098869323,0.1549063672622045,0.2711970110734303,0,0.07271937565681574,High variance in credit_score
102218329006,2009-07-01,101224.0924818104,0.0435750575475151,360,728,0.32,0.74,Default,2,105208.33333333334,100.0,0.5137348969777426,0.2041798730691274,0.2711970110734303,0,0.008847821065242623,High variance in loan_amount
100829595540,2009-07-01,175690.1439917111,0.0644963666314283,360,666,0.32,0.8,Current,5,182291.6666666667,100.0,0.2472108205159505,0.2286243140697479,0.2209226389726003,0,0.2933067801286514,High variance in interest_rate
100050465903,2009-07-01,302055.0109449681,0.0678004226913439,360,710,0.54,0.74,Default,2,382716.049382716,100.0,0.2762135664621989,0.2339743574460347,0.2437680413325627,1,1.0,High variance in interest_rate
100039488159,2009-07-01,156532.73891300257,0.0443600490732268,180,795,0.36,0.62,Current,5,143518.5185185185,100.0,0.2464978098869323,0.2286243140697479,0.2580308665831883,0,0.495595790528947,High variance in term_months
102458150755,2009-07-01,147172.7690564477,0.0472515493970449,360,754,0.29,0.71,Prepaid,2,170114.94252873564,100.0,0.1715914408365885,0.2286243140697479,0.3920634984970093,0,0.1739020241663083,High variance in employment_length_years
102218329006,2009-07-01,101322.7185603381,0.0394582110990939,360,728,0.32,0.74,Prepaid,2,105208.33333333334,100.0,0.2464978098869323,0.2041798730691274,0.3375180413325627,0,0.11840812643737209,High variance in interest_rate
101812620634,2009-07-01,277711.3413610799,0.0496741806184743,360,737,0.4,0.89,Current,1,231666.66666666663,80.0,0.2464978098869323,0.2041798730691274,0.2316468308369318,0,0.1870084617875314,High variance in ltv
100829595540,2009-07-01,174981.4868640076,0.0612165895044044,360,666,0.32,0.8,Prepaid,5,182291.6666666667,100.0,0.2464978098869323,0.2286243140697479,0.3506841858228047,0,0.10028912708924043,High variance in credit_score
100050465903,2009-07-01,302055.0109449681,0.0502530055558402,360,710,0.54,0.74,Default,2,382716.049382716,100.0,0.4096405307451884,0.2286243140697479,0.2580308665831883,0,0.4792644216409828,High variance in dti
101812620634,2009-07-01,277598.7795281142,0.0452341178743705,360,737,0.4,0.89,Default,1,231666.66666666663,100.0,0.4096405307451884,0.2111243158578872,0.2711970110734303,0,0.23515517357906168,High variance in ltv
101812620634,2009-07-01,276785.81138721225,0.0478300833182366,360,737,0.4,0.89,Prepaid,1,231666.66666666663,100.0,0.2464978098869323,0.230641022324562,0.2580308665831883,0,0.29040694331980144,High variance in ltv
101812620634,2009-07-01,276619.89854178514,0.043758229796306,360,737,0.4,0.89,Default,1,231666.66666666663,90.0,0.4096405307451884,0.2041798730691274,0.2580308665831883,0,0.3672852103150549,High variance in ltv
102458150755,2009-07-01,147944.4523011034,0.0426800557788724,360,754,0.29,0.71,Current,2,170114.94252873564,100.0,0.2472108205159505,0.1292735040187835,0.2711970110734303,0,0.03812351965289029,High variance in interest_rate
102458150755,2009-07-01,148751.3871233718,0.0447204499644915,360,754,0.29,0.71,Delinquent,2,170114.94252873564,100.0,0.2464978098869323,0.2319576491912206,0.2580308665831883,0,0.07540402937625235,High variance in employment_length_years
102218329006,2009-07-01,101099.33230542924,0.0415178319272473,360,728,0.32,0.74,Delinquent,2,105208.33333333334,100.0,0.2464978098869323,0.2319576491912206,0.2711970110734303,0,0.043796496192172296,High variance in interest_rate
101812620634,2009-07-01,277022.44475520146,0.0496830456157817,360,737,0.4,0.89,Default,1,231666.66666666663,100.0,0.4096405307451884,0.2041798730691274,0.2459096560875574,0,0.22668570289982337,High variance in ltv
100829595540,2009-07-01,175500.91718762438,0.0617894825485826,360,666,0.32,0.8,Default,5,182291.6666666667,100.0,0.4103535413742065,0.2111243158578872,0.2569341858228047,0,0.13760402804864447,High variance in credit_score
100050465903,2009-07-01,302055.0109449681,0.0545235223380652,360,710,0.54,0.74,Current,2,382716.049382716,100.0,0.2464978098869323,0.2286243140697479,0.3125763237476349,0,0.219462760983672,High variance in dti
100039488159,2009-07-01,154092.4363379584,0.0516372663988173,180,795,0.36,0.62,Current,5,143518.5185185185,100.0,0.0813953578472137,0.2286243140697479,0.3125763237476349,0,0.566349402887064,High variance in term_months
102458150755,2009-07-01,147949.76189055087,0.0448457516383196,360,754,0.29,0.71,Default,2,170114.94252873564,100.0,0.4096405307451884,0.2044073045253753,0.2580308665831883,0,0.059670075886018026,High variance in employment_length_years
102218329006,2009-07-01,101270.45682577984,0.0422111088252349,360,728,0.32,0.74,Current,2,105208.33333333334,100.0,0.2464978098869323,0.2041798730691274,0.3459096550941467,0,0.030931351682090047,High variance in interest_rate
101812620634,2009-07-01,277169.049883589,0.0595662736165273,360,737,0.4,0.89,Prepaid,1,231666.66666666663,100.0,0.2464978098869323,0.2162856211264928,0.3506841858228047,0,0.49537324249801007,High variance in ltv
100829595540,2009-07-01,175048.52162794484,0.0619774209057053,360,666,0.32,0.8,Delinquent,5,182291.6666666667,90.0,0.2472108205159505,0.2319576491912206,0.2711970110734303,0,0.10250356894357804,High variance in credit_score
100050465903,2009-07-01,302055.0109449681,0.0482007192951004,360,710,0.54,0.74,Prepaid,2,382716.049382716,100.0,0.2464978098869323,0.2131410241127014,0.2711970110734303,0,0.5732637401668668,High variance in dti
100039488159,2009-07-01,154512.8746162353,0.0439821827407807,180,795,0.36,0.62,Prepaid,5,143518.5185185185,100.0,0.2464978098869323,0.2286243140697479,0.3506841858228047,0,0.21264081033723548,High variance in term_months
102458150755,2009-07-01,148562.96923669058,0.0501422593130364,360,754,0.29,0.71,Current,2,170114.94252873564,100.0,0.2464978098869323,0.2041798730691274,0.2580308665831883,0,0.20080367441660862,High variance in employment_length_years
102218329006,2009-07-01,99601.43242618088,0.043893724114674,360,728,0.32,0.74,Prepaid,2,105208.33333333334,100.0,0.1563017268975575,0.1304619262615839,0.4725212852160136,0,0.08477583253436582,High variance in loan_amount
101812620634,2009-07-01,279909.4166404701,0.0467833059383632,360,737,0.4,0.89,Default,1,231666.66666666663,100.0,0.4704465866088867,0.2111243158578872,0.2569341858228047,0,0.5227186389822338,High variance in ltv
100829595540,2009-07-01,175926.17754753164,0.0605933665443645,360,666,0.32,0.8,Prepaid,5,182291.6666666667,100.0,0.2464978098869323,0.2111243158578872,0.3920634984970093,0,0.1402141218485956,High variance in credit_score
100050465903,2009-07-01,302055.0109449681,0.0610325448325417,360,710,0.54,0.74,Default,2,382716.049382716,100.0,0.5346405307451884,0.2306410272916158,0.2711970110734303,0,0.5783915791609072,High variance in dti
100039488159,2009-07-01,155543.36019237994,0.0386174235029447,180,795,0.36,0.62,Default,5,143518.5185185185,100.0,0.38063778479894,0.2286243140697479,0.2437680413325627,0,0.3157470408081382,High variance in term_months
100050465903,2009-07-01,302055.0109449681,0.0556648483707343,360,710,0.54,0.74,Prepaid,2,382716.049382716,100.0,0.2464978098869323,0.2286243140697479,0.2580308665831883,0,0.22389001062430658,High variance in dti
100829595540,2009-07-01,174236.7408434575,0.0647252331446242,360,666,0.32,0.8,Delinquent,5,182291.6666666667,100.0,0.2464978098869323,0.2319576491912206,0.2711970110734303,0,0.27369486793058806,High variance in interest_rate
101812620634,2009-07-01,276195.11789933546,0.0411340654760811,360,737,0.4,0.89,Prepaid,1,231666.66666666663,100.0,0.2464978098869323,0.2286243140697479,0.2580308665831883,0,0.5727309642574,High variance in ltv
101812620634,2009-07-01,277396.01481328416,0.0499666972466134,360,737,0.4,0.89,Delinquent,1,231666.66666666663,100.0,0.1563017268975575,0.4626068373521169,0.2580308665831883,0,0.18862180148361518,High variance in ltv
100829595540,2009-07-01,175371.1458733713,0.0585220699182225,360,666,0.32,0.8,Prepaid,5,182291.6666666667,100.0,0.2464978098869323,0.3152909825245539,0.4666500687599182,0,0.15422938611971082,High variance in credit_score
100050465903,2009-07-01,302055.0109449681,0.0473723741453763,360,710,0.54,0.74,Default,2,382716.049382716,100.0,0.3799247741699219,0.2319576491912206,0.2580308665831883,0,0.7191636100357577,High variance in dti
100039488159,2009-07-01,154203.10474452953,0.0383995761683692,180,795,0.36,0.62,Prepaid,5,143518.5185185185,100.0,0.2464978098869323,0.2041798730691274,0.32991756995519,0,0.48098594907684367,High variance in term_months
102458150755,2009-07-01,149441.5686206579,0.043254120681103,360,754,0.29,0.71,Default,2,170114.94252873564,100.0,0.38063778479894,0.2111243158578872,0.2580308665831883,0,0.20013396818616314,High variance in interest_rate
102218329006,2009-07-01,101529.80417791528,0.0470010058897933,360,728,0.32,0.74,Default,2,105208.33333333334,100.0,0.3012839257717132,0.2286243140697479,0.2580308665831883,0,0.06729384449229747,High variance in loan_amount
101812620634,2009-07-01,276870.2931453424,0.0531122866414007,360,737,0.4,0.89,Current,1,231666.66666666663,100.0,0.2762135664621989,0.2041798730691274,0.2580308665831883,0,0.33054699951619926,High variance in ltv
100829595540,2009-07-01,175835.69211206515,0.0523484780066455,360,666,0.32,0.8,Current,5,182291.6666666667,100.0,0.1715914408365885,0.2286243140697479,0.2580308665831883,0,0.2790063363103875,High variance in credit_score
100039488159,2009-07-01,154809.66132191638,0.0444835684321666,180,795,0.36,0.62,Default,5,143518.5185185185,100.0,0.38063778479894,0.2286243140697479,0.2580308665831883,0,0.20560263591045247,High variance in term_months
100050465903,2009-07-01,302055.0109449681,0.0562190035688559,360,710,0.54,0.74,Default,2,382716.049382716,100.0,0.4103535413742065,0.2286243140697479,0.2437680413325627,0,0.24443165644609333,High variance in dti
102458150755,2009-07-01,148047.39867131642,0.0412397288782369,360,754,0.29,0.71,Current,2,170114.94252873564,100.0,0.2762135664621989,0.1292735040187835,0.2437680413325627,0,0.06348428255223026,High variance in interest_rate
102218329006,2009-07-01,100348.16389219784,0.0459500722502666,360,728,0.32,0.74,Prepaid,2,105208.33333333334,100.0,0.2762135664621989,0.2286243140697479,0.2983134984970093,0,0.04034863105934128,High variance in loan_amount
101812620634,2009-07-01,276788.98380023753,0.0377559702168995,360,737,0.4,0.89,Delinquent,1,231666.66666666663,100.0,0.2762135664621989,0.2131410241127014,0.2580308665831883,0,0.650612015836954,High variance in ltv
100829595540,2009-07-01,174933.92020135268,0.0515099304979187,360,666,0.32,0.8,Prepaid,5,182291.6666666667,100.0,0.0813953578472137,0.2111243158578872,0.3125763237476349,0,0.29224352034798207,High variance in credit_score
100050465903,2009-07-01,302055.0109449681,0.052224002366534,360,710,0.54,0.74,Delinquent,2,382716.049382716,100.0,0.1563017268975575,0.2326330343882242,0.2580308665831883,0,0.3194405930024421,High variance in dti
100039488159,2009-07-01,154095.6833748956,0.043421248694635,180,795,0.36,0.62,Current,5,143518.5185185185,90.0,0.2464978098869323,0.2286243140697479,0.2580308665831883,0,0.2719931655452128,High variance in term_months
102458150755,2009-07-01,148048.08494666137,0.0456360593753226,360,754,0.29,0.71,Prepaid,2,170114.94252873564,100.0,0.2464978098869323,0.2111243158578872,0.2760912775993347,0,0.05915284496246864,High variance in employment_length_years
102218329006,2009-07-01,99372.45756211683,0.040955390763642,360,728,0.32,0.74,Current,2,105208.33333333334,100.0,0.2762135664621989,0.153717945019404,0.2580308665831883,0,0.2185841447590543,High variance in interest_rate
100039488159,2009-07-01,154615.44445577016,0.0472917822364967,180,795,0.36,0.62,Prepaid,5,143518.5185185185,100.0,0.2464978098869323,0.2286243140697479,0.3125763237476349,0,0.24900470322491908,High variance in term_months
102218329006,2009-07-01,99296.61756064484,0.0486716119923829,360,728,0.32,0.74,Current,2,105208.33333333334,100.0,0.2464978098869323,0.1570512801408767,0.2437680413325627,0,0.2140003835452886,High variance in loan_amount
102458150755,2009-07-01,148538.91004368465,0.0469935494379482,360,754,0.29,0.71,Delinquent,2,170114.94252873564,100.0,0.2464978098869323,0.230641022324562,0.2580308665831883,0,0.11517390160740704,High variance in employment_length_years
101812620634,2009-07-01,277138.71579867176,0.0545964779522283,360,737,0.4,0.89,Prepaid,1,231666.66666666663,100.0,0.1563017268975575,0.2286243140697479,0.3459096550941467,0,0.30324307978380527,High variance in ltv
102218329006,2009-07-01,100300.27449200742,0.0514875260066503,360,728,0.32,0.74,Prepaid,2,105208.33333333334,100.0,0.2464978098869323,0.2286243140697479,0.2983134984970093,0,0.17706861495095405,High variance in loan_amount
101812620634,2009-07-01,278035.2635519717,0.0411712794250138,360,737,0.4,0.89,Delinquent,1,231666.66666666663,100.0,0.2464978098869323,0.4903846134742101,0.2580308665831883,0,0.42223277601865206,High variance in ltv
100829595540,2009-07-01,176964.72513291638,0.0597646151042564,360,666,0.32,0.8,Prepaid,5,182291.6666666667,100.0,0.2464978098869323,0.2286243140697479,0.2903541028499603,0,0.31685991045735895,High variance in credit_score
100050465903,2009-07-01,302055.0109449681,0.0522388847785951,360,710,0.54,0.74,Prepaid,2,382716.049382716,100.0,0.1563017268975575,0.2319576491912206,0.2903541028499603,0,0.32200384516324676,High variance in dti
100039488159,2009-07-01,153964.75767758064,0.046107077781932,180,795,0.36,0.62,Current,5,143518.5185185185,100.0,0.2464978098869323,0.2111243158578872,0.2437680413325627,0,0.3301214203409467,High variance in term_months
102458150755,2009-07-01,147207.12716773766,0.0408962685312526,360,754,0.29,0.71,Delinquent,2,170114.94252873564,100.0,0.2762135664621989,0.2061965813239415,0.2437680413325627,0,0.110569903423134,High variance in interest_rate
102218329006,2009-07-01,100469.74238162756,0.0508525212399492,360,728,0.32,0.74,Default,2,105208.33333333334,100.0,0.38063778479894,0.2286243140697479,0.2437680413325627,0,0.16368086059997577,High variance in loan_amount
101812620634,2009-07-01,278504.04651551787,0.0546950826555377,360,737,0.4,0.89,Current,1,231666.66666666663,100.0,0.0813953578472137,0.2286243140697479,0.2711970110734303,0,0.3195726890417029,High variance in ltv
100829595540,2009-07-01,174014.27395366447,0.0555630643634674,360,666,0.32,0.8,Current,5,182291.6666666667,90.0,0.1563017268975575,0.2319576491912206,0.2580308665831883,0,0.16179528686534217,High variance in credit_score
100050465903,2009-07-01,302055.0109449681,0.0518842973678761,360,710,0.54,0.74,Current,2,382716.049382716,100.0,0.1563017268975575,0.2286243140697479,0.2580308665831883,0,0.3523829039096197,High variance in dti
100039488159,2009-07-01,153940.78647811103,0.0410950152249909,180,795,0.36,0.62,Default,5,143518.5185185185,100.0,0.4861111144224803,0.2111243158578872,0.2437680413325627,0,0.37696394721269566,High variance in term_months
102458150755,2009-07-01,147060.12021367264,0.0560265006995544,360,754,0.29,0.71,Prepaid,2,170114.94252873564,100.0,0.0813953578472137,0.2286243140697479,0.3125763237476349,0,0.4157984430259848,High variance in interest_rate
102218329006,2009-07-01,101366.59824609684,0.045195843219539,360,728,0.32,0.74,Delinquent,2,105208.33333333334,100.0,0.2464978098869323,0.230641022324562,0.2711970110734303,0,0.007570841958109753,High variance in loan_amount
101812620634,2009-07-01,278669.67254883004,0.0512122563200407,360,737,0.4,0.89,Delinquent,1,231666.66666666663,100.0,0.1563017268975575,0.230641022324562,0.2437680413325627,0,0.25393539426478373,High variance in ltv
100829595540,2009-07-01,173695.53049949516,0.0595822610410652,360,666,0.32,0.8,Current,5,182291.6666666667,100.0,0.2762135664621989,0.1549063672622045,0.2437680413325627,0,0.16354640734896975,High variance in credit_score
100050465903,2009-07-01,302055.0109449681,0.0493863898921885,360,710,0.54,0.74,Current,2,382716.049382716,90.0,0.2464978098869323,0.2111243158578872,0.2580308665831883,0,0.4967480754306851,High variance in dti
100039488159,2009-07-01,154967.3052519059,0.047124097460833,180,795,0.36,0.62,Prepaid,5,143518.5185185185,100.0,0.2464978098869323,0.2286243140697479,0.3125763237476349,0,0.2411013948721571,High variance in term_months
102458150755,2009-07-01,148213.97991073423,0.0527293883654776,360,754,0.29,0.71,Default,2,170114.94252873564,100.0,0.283415565888087,0.1304619262615839,0.2437680413325627,0,0.24856624669949479,High variance in employment_length_years
100039488159,2009-07-01,154779.0304004668,0.04181149220032,180,795,0.36,0.62,Default,5,143518.5185185185,100.0,0.38063778479894,0.2041798730691274,0.2580308665831883,0,0.2383988729138382,High variance in term_months
100050465903,2009-07-01,302055.0109449681,0.0564293269536245,360,710,0.54,0.74,Default,2,382716.049382716,100.0,0.4103535413742065,0.2286243140697479,0.2437680413325627,0,0.27681909736992427,High variance in dti
100829595540,2009-07-01,174469.4988523895,0.0620427213633641,360,666,0.32,0.8,Default,5,182291.6666666667,100.0,0.38063778479894,0.2319576491912206,0.2951286335786183,0,0.10737858397809241,High variance in credit_score
100829595540,2009-07-01,175077.36830764762,0.0640833734479457,360,666,0.32,0.8,Default,5,182291.6666666667,100.0,0.38063778479894,0.2286243140697479,0.2209226389726003,0,0.2263664884233375,High variance in interest_rate
100050465903,2009-07-01,302055.0109449681,0.0591024109059868,360,710,0.54,0.74,Prepaid,2,382716.049382716,100.0,0.2464978098869323,0.2286243190368016,0.3698412775993347,0,0.32657432454982815,High variance in dti
100039488159,2009-07-01,155881.63975694944,0.0492935179029145,180,795,0.36,0.62,Default,5,143518.5185185185,100.0,0.38063778479894,0.2041798730691274,0.2459096560875574,0,0.41701011015156,High variance in term_months
102458150755,2009-07-01,146918.4519963856,0.0419535395460647,360,754,0.29,0.71,Prepaid,2,170114.94252873564,90.0,0.1715914408365885,0.1486243158578872,0.3365079462528229,0,0.12909813716866003,High variance in interest_rate
102218329006,2009-07-01,100353.42711575748,0.0466696409266298,360,728,0.32,0.74,Delinquent,2,105208.33333333334,90.0,0.2464978098869323,0.230641022324562,0.2437680413325627,0,0.06352706348412851,High variance in loan_amount
101812620634,2009-07-01,276577.7462904023,0.0579835366286801,360,737,0.4,0.89,Default,1,231666.66666666663,100.0,0.38063778479894,0.2319576491912206,0.2580308665831883,0,0.5537558996670486,High variance in ltv
100829595540,2009-07-01,174243.6492547157,0.0621594574481315,360,666,0.32,0.8,Prepaid,5,182291.6666666667,80.0,0.2464978098869323,0.2319576491912206,0.3125763237476349,0,0.11063059647117057,High variance in credit_score
100050465903,2009-07-01,302055.0109449681,0.0525528027874088,360,710,0.54,0.74,Current,2,382716.049382716,100.0,0.1563017268975575,0.2286243140697479,0.2580308665831883,0,0.3105446119825732,High variance in dti
102218329006,2009-07-01,102523.12407726966,0.0506607949551876,360,728,0.32,0.74,Default,2,105208.33333333334,100.0,0.38063778479894,0.2286243140697479,0.2580308665831883,0,0.2585873668989863,High variance in annual_income
100039488159,2009-07-01,154044.45955939958,0.0410956561353983,180,795,0.36,0.62,Prepaid,5,143518.5185185185,100.0,0.2762135664621989,0.2111243158578872,0.2983134984970093,0,0.33956440032690105,High variance in term_months
102218329006,2009-07-01,104078.88080845524,0.0436678855196362,360,728,0.32,0.74,Default,2,105208.33333333334,100.0,0.38063778479894,0.2111243158578872,0.2580308665831883,0,0.37251232688493063,High variance in annual_income
101812620634,2009-07-01,278311.25015454355,0.0498689397581944,360,737,0.4,0.89,Delinquent,1,231666.66666666663,100.0,0.2464978098869323,0.230641022324562,0.2437680413325627,0,0.20340249749785322,High variance in ltv
100829595540,2009-07-01,175576.55696305577,0.0561619435048191,360,666,0.32,0.8,Delinquent,5,182291.6666666667,100.0,0.2762135664621989,0.230641022324562,0.2437680413325627,0,0.1507568460377402,High variance in credit_score
100050465903,2009-07-01,302055.0109449681,0.054834365135631,360,710,0.54,0.74,Prepaid,2,382716.049382716,100.0,0.2464978098869323,0.2319576491912206,0.3125763237476349,0,0.19060760775789198,High variance in dti
100039488159,2009-07-01,156366.87426744454,0.0400953498002904,180,795,0.36,0.62,Current,5,143518.5185185185,100.0,0.2464978098869323,0.2111243158578872,0.2459096560875574,0,0.4674210814169063,High variance in term_months
102458150755,2009-07-01,145698.0788352644,0.0397585137773077,360,754,0.29,0.71,Delinquent,2,170114.94252873564,100.0,0.2464978098869323,0.4870512783527374,0.2459096560875574,0,0.37183001110041114,High variance in interest_rate
102218329006,2009-07-01,100724.94830284837,0.0428652638625297,360,728,0.32,0.74,Default,2,105208.33333333334,100.0,0.4861111144224803,0.1740834861993789,0.2580308665831883,0,0.04338551216942599,High variance in interest_rate
101812620634,2009-07-01,277424.1817593553,0.0588010226938317,360,737,0.4,0.89,Current,1,231666.66666666663,100.0,0.2464978098869323,0.2286243140697479,0.3506841858228047,0,0.44824948473175474,High variance in ltv
102458150755,2009-07-01,149119.57491143458,0.0496919663672404,360,754,0.29,0.71,Default,2,170114.94252873564,100.0,0.4137239456176758,0.2111243158578872,0.2580308665831883,0,0.25073376892473,High variance in employment_length_years
100829595540,2009-07-01,173993.9826185003,0.0596043271906397,360,666,0.32,0.8,Default,5,182291.6666666667,100.0,0.3236333628495534,0.1549063672622045,0.2437680413325627,0,0.10532877633296056,High variance in credit_score
102458150755,2009-07-01,147844.32276460793,0.0455102769825714,360,754,0.29,0.71,Current,2,170114.94252873564,100.0,0.2762135664621989,0.2111243158578872,0.2569341858228047,0,0.0739007674070098,High variance in employment_length_years
100050465903,2009-07-01,302055.0109449681,0.0482590728894714,360,710,0.54,0.74,Prepaid,2,382716.049382716,100.0,0.2464978098869323,0.2111243158578872,0.2711970110734303,0,0.5782571933297583,High variance in dti
100829595540,2009-07-01,174284.69629074004,0.0590286245614434,360,666,0.32,0.8,Prepaid,5,182291.6666666667,100.0,0.2464978098869323,0.2319576491912206,0.3920634984970093,0,0.08356983254119565,High variance in credit_score
100050465903,2009-07-01,302055.0109449681,0.050051975898707,360,710,0.54,0.74,Current,2,382716.049382716,100.0,0.2464978098869323,0.2286243140697479,0.2580308665831883,0,0.46424680598858237,High variance in dti
100039488159,2009-07-01,156088.95059696736,0.041193921617844,180,795,0.36,0.62,Delinquent,5,143518.5185185185,100.0,0.2464978098869323,0.230641022324562,0.2580308665831883,0,0.3516721232837148,High variance in term_months
102458150755,2009-07-01,146387.28412881034,0.0504771002307748,360,754,0.29,0.71,Delinquent,2,170114.94252873564,100.0,0.2464978098869323,0.230641022324562,0.2580308665831883,0,0.3631613217098346,High variance in employment_length_years
102218329006,2009-07-01,101686.26019037452,0.0531601224823751,360,728,0.32,0.74,Delinquent,2,105208.33333333334,100.0,0.2464978098869323,0.230641022324562,0.2580308665831883,0,0.2658820590896721,High variance in loan_amount
101812620634,2009-07-01,276132.73480740824,0.0511073417856799,360,737,0.4,0.89,Delinquent,1,231666.66666666663,100.0,0.1563017268975575,0.4695512801408767,0.2316468308369318,0,0.47377980795506014,High variance in ltv
100829595540,2009-07-01,177314.65856667352,0.0547976277227734,360,666,0.32,0.8,Prepaid,5,182291.6666666667,100.0,0.2464978098869323,0.153717945019404,0.3125763237476349,0,0.4351623506805661,High variance in credit_score
101812620634,2009-07-01,278679.5977489347,0.0542209575923547,360,737,0.4,0.89,Prepaid,1,231666.66666666663,100.0,0.1563017268975575,0.2286243140697479,0.3125763237476349,0,0.30770455302515365,High variance in ltv
100050465903,2009-07-01,302055.0109449681,0.0574050461586835,360,710,0.54,0.74,Prepaid,2,382716.049382716,100.0,0.2464978098869323,0.2286243140697479,0.3920634984970093,0,0.3675717234157254,High variance in dti
102458150755,2009-07-01,148758.96922049328,0.0443961059098761,360,754,0.29,0.71,Current,2,170114.94252873564,100.0,0.1715914408365885,0.2319576491912206,0.2580308665831883,0,0.07070331737834701,High variance in employment_length_years
102218329006,2009-07-01,100684.73075535963,0.0559787598980841,360,728,0.32,0.74,Current,2,105208.33333333334,100.0,0.2464978098869323,0.2319576491912206,0.2437680413325627,0,0.294014346854631,High variance in loan_amount
101812620634,2009-07-01,278651.3912513058,0.0431225547635081,360,737,0.4,0.89,Default,1,231666.66666666663,100.0,0.3799247741699219,0.2286243140697479,0.1659673700730005,0,0.3701104547585231,High variance in ltv
100829595540,2009-07-01,175954.0017634932,0.0601498431315991,360,666,0.32,0.8,Default,5,182291.6666666667,100.0,0.38063778479894,0.2286243140697479,0.2523470818996429,0,0.13817549091199766,High variance in credit_score
100050465903,2009-07-01,302055.0109449681,0.0582718282817702,360,710,0.54,0.74,Default,2,382716.049382716,90.0,0.38063778479894,0.2319576491912206,0.2951286335786183,0,0.35549336164791345,High variance in dti
100039488159,2009-07-01,158852.73149065473,0.0512302215574459,180,795,0.36,0.62,Current,5,143518.5185185185,100.0,0.1563017268975575,0.2286243140697479,0.2580308665831883,1,0.7997044711464176,High variance in term_months
102458150755,2009-07-01,148513.78595091222,0.0375267264834429,360,754,0.29,0.71,Prepaid,2,170114.94252873564,100.0,0.2762135664621989,0.2041798730691274,0.2983134984970093,0,0.20509470791553697,High variance in interest_rate
100039488159,2009-07-01,154763.18139326,0.0473788331194934,180,795,0.36,0.62,Delinquent,5,143518.5185185185,100.0,0.2464978098869323,0.5737179468075434,0.2580308665831883,0,0.2325824790479324,High variance in term_months
102218329006,2009-07-01,100269.63336828288,0.0352876768514259,360,728,0.32,0.74,Default,2,105208.33333333334,100.0,0.3799247741699219,0.2286243140697479,0.2580308665831883,0,0.3879442505725028,High variance in interest_rate
102458150755,2009-07-01,148216.45858958198,0.051397751597303,360,754,0.29,0.71,Prepaid,2,170114.94252873564,100.0,0.2464978098869323,0.2041798730691274,0.2983134984970093,0,0.2191137701068846,High variance in employment_length_years
100039488159,2009-07-01,154348.39965239418,0.0416155946502629,180,795,0.36,0.62,Prepaid,5,143518.5185185185,100.0,0.2464978098869323,0.2041798730691274,0.3125763237476349,0,0.24342445434000692,High variance in term_months
100039488159,2009-07-01,154292.3305343812,0.0436293745644499,180,795,0.36,0.62,Delinquent,5,143518.5185185185,100.0,0.2464978098869323,0.4548410872618357,0.3375180413325627,0,0.21566089899801877,High variance in term_months
102458150755,2009-07-01,147515.76592713376,0.0440460921700724,360,754,0.29,0.71,Prepaid,2,170114.94252873564,100.0,0.2464978098869323,0.1304619262615839,0.3125763237476349,0,0.07617092280117777,High variance in interest_rate
102218329006,2009-07-01,99480.630034046,0.0566167990162493,360,728,0.32,0.74,Delinquent,2,105208.33333333334,100.0,0.1563017268975575,0.2131410241127014,0.2580308665831883,0,0.4377995713165558,High variance in interest_rate
101812620634,2009-07-01,279032.46526055114,0.0432173704562916,360,737,0.4,0.89,Delinquent,1,231666.66666666663,100.0,0.2827025552590688,0.4408050278822581,0.1749705386658509,0,0.4344737934355336,High variance in ltv
100829595540,2009-07-01,177122.15619701263,0.0574055565472258,360,666,0.32,0.8,Default,5,182291.6666666667,90.0,0.38063778479894,0.2286243140697479,0.2711970110734303,0,0.32878669354886647,High variance in credit_score
100050465903,2009-07-01,302055.0109449681,0.0642447804747267,360,710,0.54,0.74,Delinquent,2,382716.049382716,90.0,0.2464978098869323,0.2339743574460347,0.2437680413325627,1,0.7557179898329591,High variance in dti
100039488159,2009-07-01,155404.98171096094,0.047231031824067,180,795,0.36,0.62,Prepaid,5,143518.5185185185,100.0,0.2464978098869323,0.2286243140697479,0.3125763237476349,0,0.27764764840988587,High variance in term_months
102458150755,2009-07-01,147346.6707674263,0.0434785256674109,360,754,0.29,0.71,Delinquent,2,170114.94252873564,100.0,0.2762135664621989,0.2061965813239415,0.3506841858228047,0,0.09161148350240433,High variance in interest_rate
102218329006,2009-07-01,100525.05468883904,0.0302655667852921,360,728,0.32,0.74,Delinquent,2,105208.33333333334,100.0,0.2464978098869323,0.2339743574460347,0.2580308665831883,0,0.5876493406808707,High variance in interest_rate
101812620634,2009-07-01,277665.49876415904,0.0473863821512616,360,737,0.4,0.89,Delinquent,1,231666.66666666663,100.0,0.2464978098869323,0.4903846134742101,0.2580308665831883,0,0.19021136573101072,High variance in ltv
100829595540,2009-07-01,173799.70359294422,0.0575212846795702,360,666,0.32,0.8,Delinquent,5,182291.6666666667,100.0,0.2464978098869323,0.2339743574460347,0.2580308665831883,0,0.17843551106414557,High variance in credit_score
100050465903,2009-07-01,302055.0109449681,0.0537020432431819,360,710,0.54,0.74,Prepaid,2,382716.049382716,100.0,0.2762135664621989,0.2111243158578872,0.3125763237476349,0,0.2619153055401924,High variance in dti
100039488159,2009-07-01,154885.2635585331,0.0520951076264469,180,795,0.36,0.62,Delinquent,5,143518.5185185185,100.0,0.1715914408365885,0.3032741496960322,0.2580308665831883,0,0.49572739216772,High variance in term_months
102458150755,2009-07-01,148852.43333479622,0.0372746061396819,360,754,0.29,0.71,Current,2,170114.94252873564,100.0,0.2762135664621989,0.2041798730691274,0.2437680413325627,0,0.2286489347010907,High variance in interest_rate
102218329006,2009-07-01,100338.2135352316,0.0373001955012947,360,728,0.32,0.74,Delinquent,2,105208.33333333334,100.0,0.2464978098869323,0.4903846134742101,0.2437680413325627,0,0.29114641459735413,High variance in interest_rate
100829595540,2009-07-01,172974.8574133424,0.0628658529198095,360,666,0.32,0.8,Default,5,182291.6666666667,100.0,0.38063778479894,0.2286243140697479,0.2580308665831883,0,0.45087600709414044,High variance in interest_rate
100050465903,2009-07-01,302055.0109449681,0.0499394781236991,360,710,0.54,0.74,Current,2,382716.049382716,100.0,0.2464978098869323,0.2286243140697479,0.2580308665831883,0,0.4783311660638261,High variance in dti
102218329006,2009-07-01,101515.03526720866,0.0398810540044821,360,728,0.32,0.74,Default,2,105208.33333333334,100.0,0.4861111144224803,0.2041798730691274,0.2580308665831883,0,0.14904839121338487,High variance in interest_rate
100050465903,2009-07-01,302055.0109449681,0.0559904238038392,360,710,0.54,0.74,Delinquent,2,382716.049382716,100.0,0.2464978098869323,0.2319147537151972,0.2437680413325627,0,0.20804998991999468,High variance in dti
101812620634,2009-07-01,277062.1749600849,0.0581339790627903,360,737,0.4,0.89,Prepaid,1,231666.66666666663,100.0,0.2464978098869323,0.2319576491912206,0.5587301651636759,0,0.44345560672929774,High variance in ltv
100050465903,2009-07-01,302055.0109449681,0.0593480296005283,360,710,0.54,0.74,Default,2,382716.049382716,100.0,0.4861111144224803,0.2286243190368016,0.2437680413325627,0,0.32927783588017334,High variance in dti
101812620634,2009-07-01,278341.15197481663,0.0476544973559556,360,737,0.4,0.89,Current,1,231666.66666666663,100.0,0.2464978098869323,0.2319576491912206,0.2437680413325627,0,0.19141466811655528,High variance in ltv
100829595540,2009-07-01,174922.8982905859,0.0603846368688208,360,666,0.32,0.8,Delinquent,5,182291.6666666667,100.0,0.2464978098869323,0.2339743574460347,0.2580308665831883,0,0.08488551092950203,High variance in credit_score
100050465903,2009-07-01,302055.0109449681,0.0550920918959477,360,710,0.54,0.74,Prepaid,2,382716.049382716,100.0,0.2464978098869323,0.2319576491912206,0.3125763237476349,0,0.2036469883268388,High variance in dti
100039488159,2009-07-01,154246.26383564252,0.0419924325797934,180,795,0.36,0.62,Prepaid,5,143518.5185185185,100.0,0.2464978098869323,0.2041798730691274,0.3920634984970093,0,0.25945704327734886,High variance in term_months
102458150755,2009-07-01,149896.79298265395,0.0387095684454129,360,754,0.29,0.71,Current,2,170114.94252873564,100.0,0.2827025552590688,0.2041798730691274,0.2437680413325627,0,0.3100330545102742,High variance in interest_rate
102218329006,2009-07-01,101822.0601599945,0.0335593773241107,360,728,0.32,0.74,Prepaid,2,105208.33333333334,100.0,0.2464978098869323,0.2286243140697479,0.5586300690968832,0,0.5018469199460153,High variance in interest_rate
101812620634,2009-07-01,278412.7809269365,0.0467096231348922,360,737,0.4,0.89,Default,1,231666.66666666663,100.0,0.276926577091217,0.2041798730691274,0.2711970110734303,0,0.19263886725895674,High variance in ltv
102218329006,2009-07-01,101276.69079933,0.0478970279059174,360,728,0.32,0.74,Delinquent,2,105208.33333333334,100.0,0.2464978098869323,0.5737179468075434,0.2437680413325627,0,0.05930510567112002,High variance in loan_amount
100829595540,2009-07-01,175963.3761292443,0.0647560696108197,360,666,0.32,0.8,Default,5,182291.6666666667,100.0,0.3526841501394908,0.2286243140697479,0.1517045448223749,0,0.32149803018057665,High variance in interest_rate
100039488159,2009-07-01,155787.08460374246,0.0541270039932271,180,795,0.36,0.62,Delinquent,5,143518.5185185185,100.0,0.1563017268975575,0.4903846134742101,0.2580308665831883,0,0.6480072667357887,High variance in term_months
102458150755,2009-07-01,148656.55360863384,0.0416450775958986,360,754,0.29,0.71,Current,2,170114.94252873564,100.0,0.2464978098869323,0.0737179468075434,0.2580308665831883,0,0.07241349821559484,High variance in interest_rate
102218329006,2009-07-01,99808.69650279736,0.0457222607118914,360,728,0.32,0.74,Current,2,105208.33333333334,90.0,0.2464978098869323,0.2041798730691274,0.2437680413325627,0,0.068438894769149,High variance in loan_amount
101812620634,2009-07-01,278473.8329209118,0.0465872090609019,360,737,0.4,0.89,Prepaid,1,231666.66666666663,100.0,0.2464978098869323,0.2041798730691274,0.2903541028499603,0,0.22067416323302314,High variance in ltv
100829595540,2009-07-01,176865.77451114476,0.0563119688796375,360,666,0.32,0.8,Default,5,182291.6666666667,100.0,0.3888888955116272,0.2041798730691274,0.2316468308369318,0,0.30670512796577964,High variance in credit_score
100050465903,2009-07-01,302055.0109449681,0.056688013310376,360,710,0.54,0.74,Current,2,382716.049382716,100.0,0.2464978098869323,0.2286243140697479,0.2580308665831883,0,0.291688624205809,High variance in dti
100039488159,2009-07-01,155232.253697161,0.045022104216506,180,795,0.36,0.62,Prepaid,5,143518.5185185185,100.0,0.2464978098869323,0.2286243140697479,0.2870754599571228,0,0.19255241119044542,High variance in term_months
100050465903,2009-07-01,302055.0109449681,0.0593556235171584,360,710,0.54,0.74,Default,2,382716.049382716,90.0,0.4861111144224803,0.2286243190368016,0.2437680413325627,0,0.3264995331968946,High variance in dti
102458150755,2009-07-01,148827.18324903602,0.0326943234549605,360,754,0.29,0.71,Prepaid,2,170114.94252873564,100.0,0.2464978098869323,0.2286243140697479,0.3889841636021932,0,0.4157979965932411,High variance in interest_rate
100039488159,2009-07-01,156453.53407715732,0.0476043259694348,180,795,0.36,0.62,Delinquent,5,143518.5185185185,100.0,0.2464978098869323,0.5737179468075434,0.2437680413325627,0,0.4852864318744534,High variance in term_months
100050465903,2009-07-01,302055.0109449681,0.0476070687711007,360,710,0.54,0.74,Delinquent,2,382716.049382716,100.0,0.2464978098869323,0.4903846134742101,0.2580308665831883,0,0.6679305393103825,High variance in dti
100039488159,2009-07-01,155560.78452636822,0.0391391733791118,180,795,0.36,0.62,Delinquent,5,143518.5185185185,100.0,0.2827025552590688,0.3454751322666804,0.2437680413325627,0,0.30360317365259115,High variance in term_months
102458150755,2009-07-01,146857.02970216938,0.0456365024652242,360,754,0.29,0.71,Default,2,170114.94252873564,100.0,0.2762135664621989,0.2111243158578872,0.2580308665831883,0,0.18448902857892457,High variance in employment_length_years
102218329006,2009-07-01,101058.208718446,0.0415285336996194,360,728,0.32,0.74,Prepaid,2,105208.33333333334,100.0,0.2464978098869323,0.1772247950236002,0.5587301651636759,0,0.042194092746718814,High variance in interest_rate
101812620634,2009-07-01,278153.72510594554,0.0438561814210884,360,737,0.4,0.89,Prepaid,1,231666.66666666663,100.0,0.2464978098869323,0.2286243140697479,0.3125763237476349,0,0.2762318246326738,High variance in ltv
100829595540,2009-07-01,174116.14256379887,0.0574006253235331,360,666,0.32,0.8,Prepaid,5,182291.6666666667,100.0,0.2464978098869323,0.2286243140697479,0.3920634984970093,0,0.12119144459750042,High variance in credit_score
100050465903,2009-07-01,302055.0109449681,0.0601876997212895,360,710,0.54,0.74,Delinquent,2,382716.049382716,90.0,0.3799247741699219,0.4903846184412638,0.2437680413325627,0,0.48410730165249416,High variance in dti
100039488159,2009-07-01,153754.261221288,0.0454183105264347,180,795,0.36,0.62,Default,5,143518.5185185185,100.0,0.4103535413742065,0.2286243140697479,0.2437680413325627,0,0.3814193287024219,High variance in term_months
102458150755,2009-07-01,148856.39879432347,0.0413617127661744,360,754,0.29,0.71,Default,2,170114.94252873564,100.0,0.2762135664621989,0.1292735040187835,0.2437680413325627,0,0.0991100530683483,High variance in interest_rate
102218329006,2009-07-01,100553.48504793298,0.0441078311860969,360,728,0.32,0.74,Current,2,105208.33333333334,100.0,0.2464978098869323,0.2041798730691274,0.2437680413325627,0,0.019090125186780993,High variance in loan_amount
101812620634,2009-07-01,276485.1527753141,0.0444695808704556,360,737,0.4,0.89,Current,1,231666.66666666663,100.0,0.2464978098869323,0.2064637343088785,0.2580308665831883,0,0.3887096190563015,High variance in ltv
100829595540,2009-07-01,174153.2062819316,0.0629016790827212,360,666,0.32,0.8,Prepaid,5,182291.6666666667,100.0,0.2464978098869323,0.2286243140697479,0.3920634984970093,0,0.17052926201342022,High variance in interest_rate
100050465903,2009-07-01,302055.0109449681,0.0527031955022987,360,710,0.54,0.74,Delinquent,2,382716.049382716,100.0,0.1563017268975575,0.2319576491912206,0.2580308665831883,0,0.30286258043378333,High variance in dti
100039488159,2009-07-01,155714.0004940921,0.0449911029315016,180,795,0.36,0.62,Delinquent,5,143518.5185185185,100.0,0.2827025552590688,0.269715482989947,0.2580308665831883,0,0.25359005904500376,High variance in term_months
102458150755,2009-07-01,148482.4724152432,0.0551034642890219,360,754,0.29,0.71,Current,2,170114.94252873564,100.0,0.1563017268975575,0.2286243140697479,0.2437680413325627,0,0.326664956195739,High variance in interest_rate
102218329006,2009-07-01,99929.10750193888,0.0469139093305314,360,728,0.32,0.74,Current,2,105208.33333333334,100.0,0.2464978098869323,0.2286243140697479,0.2437680413325627,0,0.10141167478893098,High variance in loan_amount
101812620634,2009-07-01,277142.8424435837,0.0466735604304959,360,737,0.4,0.89,Prepaid,1,231666.66666666663,90.0,0.2827025552590688,0.2041798730691274,0.3920634984970093,0,0.233600799025109,High variance in ltv
100829595540,2009-07-01,175625.667347765,0.060442482037472,360,666,0.32,0.8,Prepaid,5,182291.6666666667,100.0,0.2464978098869323,0.2111243158578872,0.3698412775993347,0,0.10777218676957379,High variance in credit_score
100829595540,2009-07-01,173622.3306320429,0.0608171745161185,360,666,0.32,0.8,Default,5,182291.6666666667,100.0,0.3888888955116272,0.1304619262615839,0.2580308665831883,0,0.21977054160741982,High variance in credit_score
100829595540,2009-07-01,174073.0695284219,0.0558816899655988,360,666,0.32,0.8,Delinquent,5,182291.6666666667,100.0,0.1563017268975575,0.2339743574460347,0.2437680413325627,0,0.13251434536576456,High variance in credit_score
101812620634,2009-07-01,278186.4543147694,0.049116589835942,360,737,0.4,0.89,Default,1,231666.66666666663,100.0,0.276926577091217,0.2041798730691274,0.2437680413325627,0,0.19510843082685547,High variance in ltv
102218329006,2009-07-01,97758.73265993092,0.04358623364892,360,728,0.32,0.74,Prepaid,2,105208.33333333334,100.0,0.2464978098869323,0.2041798730691274,0.5587301651636759,0,0.31964273438460944,High variance in loan_amount
100050465903,2009-07-01,302055.0109449681,0.0479624415264108,360,710,0.54,0.74,Delinquent,2,382716.049382716,100.0,0.2464978098869323,0.2339743574460347,0.2711970110734303,0,0.6098686409225258,High variance in dti
100050465903,2009-07-01,302055.0109449681,0.0485978532375185,360,710,0.54,0.74,Current,2,382716.049382716,100.0,0.2464978098869323,0.2111243158578872,0.2580308665831883,0,0.5362318015951362,High variance in dti
100039488159,2009-07-01,154377.3004801794,0.0459713165574302,180,795,0.36,0.62,Current,5,143518.5185185185,100.0,0.2464978098869323,0.2078088074922561,0.2437680413325627,0,0.23060821387604102,High variance in term_months
100039488159,2009-07-01,155117.3273833088,0.0467800497567282,180,795,0.36,0.62,Default,5,143518.5185185185,100.0,0.2762135664621989,0.2286243140697479,0.2584062765041987,0,0.21706186974886565,High variance in term_months
100829595540,2009-07-01,175199.0596955735,0.0531971207726708,360,666,0.32,0.8,Current,5,182291.6666666667,100.0,0.2464978098869323,0.2041798730691274,0.247590700785319,0,0.21856786394643146,High variance in credit_score
102458150755,2009-07-01,148610.37026543348,0.0367076935181822,360,754,0.29,0.71,Default,2,170114.94252873564,100.0,0.2762135664621989,0.2041798730691274,0.2437680413325627,0,0.23253179340842822,High variance in interest_rate
101812620634,2009-07-01,277399.7831228412,0.0575113522171181,360,737,0.4,0.89,Prepaid,1,231666.66666666663,100.0,0.2464978098869323,0.2286243140697479,0.5587301651636759,0,0.40530056197147846,High variance in ltv
102218329006,2009-07-01,101069.80208499002,0.0484283919657373,360,728,0.32,0.74,Delinquent,2,105208.33333333334,100.0,0.2464978098869323,0.3173076907793681,0.2437680413325627,0,0.05677857956649146,High variance in loan_amount
102218329006,2009-07-01,101747.29360512328,0.0402282815472862,360,728,0.32,0.74,Default,2,105208.33333333334,100.0,0.4861111144224803,0.2041798730691274,0.2580308665831883,0,0.1635640553525467,High variance in interest_rate
102458150755,2009-07-01,147614.68640313824,0.0501077754749707,360,754,0.29,0.71,Current,2,170114.94252873564,100.0,0.2464978098869323,0.1304619262615839,0.2437680413325627,0,0.21488419288538718,High variance in employment_length_years
101812620634,2009-07-01,277439.81895980303,0.0539950461291844,360,737,0.4,0.89,Prepaid,1,231666.66666666663,100.0,0.1563017268975575,0.2111243158578872,0.3920634984970093,0,0.26966798897069366,High variance in ltv
100829595540,2009-07-01,174171.00498907792,0.0561363848974048,360,666,0.32,0.8,Current,5,182291.6666666667,90.0,0.1563017268975575,0.2286243140697479,0.2580308665831883,0,0.11632257480915653,High variance in credit_score
100039488159,2009-07-01,155662.13067452106,0.0381047411439138,180,795,0.36,0.62,Prepaid,5,143518.5185185185,100.0,0.3799247741699219,0.2286243140697479,0.3365079462528229,0,0.37356671284438747,High variance in term_months
100050465903,2009-07-01,302055.0109449681,0.0523773986686011,360,710,0.54,0.74,Prepaid,2,382716.049382716,100.0,0.1563017268975575,0.2286243140697479,0.3125763237476349,0,0.3215514654924425,High variance in dti
100050465903,2009-07-01,302055.0109449681,0.0596201350960345,360,710,0.54,0.74,Default,2,382716.049382716,100.0,0.4861111144224803,0.2286243190368016,0.2437680413325627,0,0.38722754924320246,High variance in dti
100039488159,2009-07-01,155307.2995208766,0.0374944321180734,180,795,0.36,0.62,Default,5,143518.5185185185,90.0,0.4103535413742065,0.2286243140697479,0.2437680413325627,0,0.4736669565491254,High variance in term_months
102458150755,2009-07-01,147307.09040473934,0.04220226780343,360,754,0.29,0.71,Prepaid,2,170114.94252873564,100.0,0.1715914408365885,0.162093968441089,0.3920634984970093,0,0.07587076092612532,High variance in interest_rate
100829595540,2009-07-01,177133.03337465625,0.0526393609555402,360,666,0.32,0.8,Current,5,182291.6666666667,100.0,0.2464978098869323,0.2286243140697479,0.2437680413325627,0,0.37738745616265534,High variance in credit_score
101812620634,2009-07-01,276047.9122004775,0.0523149921508619,360,737,0.4,0.89,Current,1,231666.66666666663,100.0,0.1563017268975575,0.2111243158578872,0.2437680413325627,0,0.4922841947273694,High variance in ltv
102218329006,2009-07-01,100848.21490496442,0.0425483730092093,360,728,0.32,0.74,Default,2,105208.33333333334,100.0,0.3526841501394908,0.1740834861993789,0.2580308665831883,0,0.047259518738960615,High variance in interest_rate
102218329006,2009-07-01,101357.01548596504,0.0467155062898419,360,728,0.32,0.74,Prepaid,2,105208.33333333334,100.0,0.2464978098869323,0.2111243158578872,0.3920634984970093,0,0.02114575349815273,High variance in loan_amount
102458150755,2009-07-01,148588.3172064846,0.041875895962252,360,754,0.29,0.71,Current,2,170114.94252873564,100.0,0.2464978098869323,0.0737179468075434,0.2580308665831883,0,0.06956190208952961,High variance in interest_rate
101812620634,2009-07-01,278849.602097021,0.0518296780347213,360,737,0.4,0.89,Current,1,231666.66666666663,100.0,0.1563017268975575,0.2286243140697479,0.2437680413325627,0,0.27808795597254743,High variance in ltv
100829595540,2009-07-01,174410.6352430558,0.0533446833620005,360,666,0.32,0.8,Prepaid,5,182291.6666666667,100.0,0.2464978098869323,0.2091915309429168,0.3319480220476786,0,0.1929179084825804,High variance in credit_score
101812620634,2009-07-01,277940.4746439382,0.046015705293798,360,737,0.4,0.89,Default,1,231666.66666666663,100.0,0.2762135664621989,0.2041798730691274,0.2711970110734303,0,0.23286883471925368,High variance in ltv
100829595540,2009-07-01,175547.09738117002,0.0483403529605813,360,666,0.32,0.8,Default,5,182291.6666666667,100.0,0.276926577091217,0.2041798730691274,0.2437680413325627,0,0.4864490606297659,High variance in credit_score
100039488159,2009-07-01,155010.2330610196,0.041892795670021,180,795,0.36,0.62,Current,5,143518.5185185185,100.0,0.2464978098869323,0.2111243158578872,0.2580308665831883,0,0.24690538275307305,High variance in term_months
100050465903,2009-07-01,302055.0109449681,0.0531951691709046,360,710,0.54,0.74,Default,2,382716.049382716,100.0,0.2762135664621989,0.2111243158578872,0.2580308665831883,0,0.30190242095040365,High variance in dti
101812620634,2009-07-01,277797.8073475661,0.0572322818414502,360,737,0.4,0.89,Delinquent,1,231666.66666666663,100.0,0.2464978098869323,0.2339743574460347,0.2580308665831883,0,0.44602896375169565,High variance in ltv
100039488159,2009-07-01,155813.50963600064,0.0457456805717603,180,795,0.36,0.62,Current,5,143518.5185185185,100.0,0.2464978098869323,0.2048236727714538,0.2580308665831883,0,0.27847581374112806,High variance in term_months
102218329006,2009-07-01,101324.16635248844,0.0419319389389307,360,728,0.32,0.74,Prepaid,2,105208.33333333334,100.0,0.2464978098869323,0.2041798730691274,0.5920634965101877,0,0.04215789250400459,High variance in interest_rate
100050465903,2009-07-01,302055.0109449681,0.0537251139128957,360,710,0.54,0.74,Default,2,382716.049382716,100.0,0.2762135664621989,0.2111243158578872,0.2903541028499603,0,0.25922809434411354,High variance in dti
101812620634,2009-07-01,278130.7405772861,0.0542075342596123,360,737,0.4,0.89,Delinquent,1,231666.66666666663,100.0,0.0813953578472137,0.2339743574460347,0.2711970110734303,0,0.27485944234934834,High variance in ltv
102218329006,2009-07-01,102441.27328906611,0.0499804259624881,360,728,0.32,0.74,Prepaid,2,105208.33333333334,100.0,0.2464978098869323,0.2286243140697479,0.3142857253551483,0,0.21291414133403452,High variance in annual_income
101812620634,2009-07-01,277689.7332434065,0.0495015088073093,360,737,0.4,0.89,Current,1,231666.66666666663,100.0,0.2464978098869323,0.2041798730691274,0.2459096560875574,0,0.1831765849743583,High variance in ltv
100050465903,2009-07-01,302055.0109449681,0.0548118264878757,360,710,0.54,0.74,Prepaid,2,382716.049382716,100.0,0.2464978098869323,0.2286243140697479,0.3125763237476349,0,0.19450036426730244,High variance in dti
102458150755,2009-07-01,146975.6123586657,0.0410328761443311,360,754,0.29,0.71,Default,2,170114.94252873564,100.0,0.276926577091217,0.2041798730691274,0.2437680413325627,0,0.13631015644477684,High variance in interest_rate
100039488159,2009-07-01,153752.21681803514,0.0442821511384594,180,795,0.36,0.62,Delinquent,5,143518.5185185185,100.0,0.2464978098869323,0.2339743574460347,0.2580308665831883,0,0.3894893195096384,High variance in term_months
102458150755,2009-07-01,149098.7768519872,0.043266434440648,360,754,0.29,0.71,Prepaid,2,170114.94252873564,100.0,0.2464978098869323,0.2111243158578872,0.3631270627180735,0,0.09974041827572544,High variance in interest_rate
102458150755,2009-07-01,146564.13784882057,0.0333830488379592,360,754,0.29,0.71,Current,2,170114.94252873564,100.0,0.2464978098869323,0.2111243158578872,0.2711970110734303,0,0.4692623138037211,High variance in interest_rate
100829595540,2009-07-01,175681.95297129496,0.0593211382433101,360,666,0.32,0.8,Delinquent,5,182291.6666666667,100.0,0.2464978098869323,0.2339743574460347,0.2580308665831883,0,0.12422690263000169,High variance in credit_score
100039488159,2009-07-01,155595.1570254369,0.0351991580367168,180,795,0.36,0.62,Delinquent,5,143518.5185185185,100.0,0.3799247741699219,0.3637493401765823,0.2580308665831883,0,0.6368629634934755,High variance in term_months
102218329006,2009-07-01,100782.3187967728,0.044805087336013,360,728,0.32,0.74,Current,2,105208.33333333334,100.0,0.2464978098869323,0.2286243140697479,0.2437680413325627,0,0.0,High variance in loan_amount
102458150755,2009-07-01,147869.85694563232,0.0434652718813946,360,754,0.29,0.71,Default,2,170114.94252873564,100.0,0.5346405307451884,0.2041798730691274,0.2580308665831883,0,0.04596293740710744,High variance in interest_rate
100829595540,2009-07-01,174559.95551330302,0.0454951509580349,360,666,0.32,0.8,Current,5,182291.6666666667,100.0,0.2464978098869323,0.1362179468075434,0.2437680413325627,0,0.5580258156732737,High variance in credit_score
100023020488,2009-08-01,55357.78736034828,0.0575349430832267,240,714,0.36,0.55,Delinquent,3,50925.92592592592,100.0,0.2464978098869323,0.4903846134742101,0.2580308665831883,0,0.3040020967906426,High variance in ltv
100023020488,2009-08-01,55519.34651424117,0.0508718108688111,240,714,0.36,0.55,Delinquent,3,50925.92592592592,80.0,0.2464978098869323,0.2339743574460347,0.2437680413325627,0,0.2439269164603416,High variance in ltv
100023020488,2009-08-01,55624.11981705215,0.0510512015984531,240,714,0.36,0.55,Default,3,50925.92592592592,100.0,0.3526841501394908,0.2111243158578872,0.2437680413325627,0,0.2385628048281272,High variance in ltv
100023020488,2009-08-01,52528.35549987271,0.0629831849802383,240,714,0.36,0.55,Prepaid,3,50925.92592592592,100.0,0.2464978098869323,0.2041798730691274,0.5587301651636759,1,0.8619876436501107,High variance in interest_rate
100023020488,2009-08-01,54872.08240851924,0.0663846621293681,240,714,0.36,0.55,Prepaid,3,50925.92592592592,100.0,0.2464978098869323,0.2041798730691274,0.5601745545864105,0,0.6835001251431161,High variance in interest_rate
100023020488,2009-08-01,55096.99596499272,0.0552890088444602,240,714,0.36,0.55,Default,3,50925.92592592592,90.0,0.276926577091217,0.1333974649508794,0.2437680413325627,0,0.13643117214948763,High variance in ltv
100023020488,2009-08-01,56687.14163507256,0.0567032741534615,240,714,0.36,0.55,Current,3,50925.92592592592,100.0,0.1563017268975575,0.2041798730691274,0.2580308665831883,0,0.5857097122099648,High variance in ltv
100023020488,2009-08-01,55899.59987543325,0.0553806651112105,240,714,0.36,0.55,Prepaid,3,50925.92592592592,100.0,0.1563017268975575,0.1999468108018239,0.3920634984970093,0,0.3362593256182418,High variance in ltv
100023020488,2009-08-01,54139.58663471605,0.0486438359143464,240,714,0.36,0.55,Current,3,50925.92592592592,100.0,0.2464978098869323,0.1316270033518473,0.2437680413325627,0,0.45149313704336247,High variance in ltv
100023020488,2009-08-01,53962.75384567354,0.0529144095984157,240,714,0.36,0.55,Default,3,50925.92592592592,100.0,0.276926577091217,0.2041798730691274,0.2437680413325627,0,0.35945052755158524,High variance in ltv
100023020488,2009-08-01,53330.59471887863,0.0591181587492988,240,714,0.36,0.55,Default,3,50925.92592592592,100.0,0.3526841501394908,0.1806641817092895,0.2580308665831883,0,0.618358414714077,High variance in ltv
100023020488,2009-08-01,55214.0937441302,0.0561448991287319,240,714,0.36,0.55,Default,3,50925.92592592592,100.0,0.3526841501394908,0.2041798730691274,0.2437680413325627,0,0.21681764724857688,High variance in ltv
100023020488,2009-08-01,55857.65962320202,0.0488706337351133,240,714,0.36,0.55,Default,3,50925.92592592592,100.0,0.3526841501394908,0.2034556667009989,0.2316468308369318,0,0.3747053448351447,High variance in ltv
100023020488,2009-08-01,54349.357430878175,0.0547054953400995,240,714,0.36,0.55,Current,3,50925.92592592592,100.0,0.2464978098869323,0.1292735040187835,0.2580308665831883,0,0.1901200850191429,High variance in ltv
100023020488,2009-08-01,54174.50280320749,0.0550301486715693,240,714,0.36,0.55,Current,3,50925.92592592592,100.0,0.2464978098869323,0.1362179468075434,0.2580308665831883,0,0.21161875893573245,High variance in ltv
100023020488,2009-08-01,54754.61188399713,0.0443960403948707,240,714,0.36,0.55,Prepaid,3,50925.92592592592,100.0,0.1563017268975575,0.1583339571952819,0.5587301651636759,0,0.610473940619882,High variance in ltv
100023020488,2009-08-01,54776.53721467415,0.0546593312752924,240,714,0.36,0.55,Prepaid,3,50925.92592592592,100.0,0.2464978098869323,0.1292735040187835,0.3365079462528229,0,0.14277744540807458,High variance in ltv
100023020488,2009-08-01,54979.09840603585,0.0459668541323804,240,714,0.36,0.55,Current,3,50925.92592592592,100.0,0.2464978098869323,0.1292735040187835,0.2437680413325627,0,0.5267420949519805,High variance in ltv
100023020488,2009-08-01,55259.72250172148,0.0615776201461717,240,714,0.36,0.55,Prepaid,3,50925.92592592592,100.0,0.2464978098869323,0.1569358532627423,0.5587301651636759,0,0.47306800492879286,High variance in ltv
100023020488,2009-08-01,55825.41634898803,0.0510254045659552,240,714,0.36,0.55,Default,3,50925.92592592592,100.0,0.3526841501394908,0.2111243158578872,0.2437680413325627,0,0.26582685170923115,High variance in ltv
100023020488,2009-08-01,54528.96169438168,0.0563382951023456,240,714,0.36,0.55,Current,3,50925.92592592592,100.0,0.2464978098869323,0.2041798730691274,0.2437680413325627,0,0.24129374093069722,High variance in ltv
100023020488,2009-08-01,55013.00189187791,0.0549280727905428,240,714,0.36,0.55,Prepaid,3,50925.92592592592,100.0,0.2464978098869323,0.1362179468075434,0.2437680413325627,0,0.1367490828126532,High variance in ltv
100023020488,2009-08-01,54025.31832977268,0.055198874284482,240,714,0.36,0.55,Default,3,50925.92592592592,100.0,0.2762135664621989,0.1362179468075434,0.2580308665831883,0,0.2844286880924204,High variance in ltv
100023020488,2009-08-01,54761.05195313359,0.0549969184185537,240,714,0.36,0.55,Prepaid,3,50925.92592592592,100.0,0.2464978098869323,0.1362179468075434,0.2903541028499603,0,0.14373288383817928,High variance in ltv
100023020488,2009-08-01,54319.97527842151,0.059588910308299,240,714,0.36,0.55,Default,3,50925.92592592592,100.0,0.2762135664621989,0.1806641817092895,0.2711970110734303,0,0.44559743803544927,High variance in ltv
100023020488,2009-08-01,54730.593165555445,0.0487292961662396,240,714,0.36,0.55,Prepaid,3,50925.92592592592,100.0,0.2464978098869323,0.1316270033518473,0.2437680413325627,0,0.32073166786021634,High variance in ltv
100023020488,2009-08-01,54486.133082663306,0.0505613000787434,240,714,0.36,0.55,Delinquent,3,50925.92592592592,100.0,0.2464978098869323,0.2111243158578872,0.2580308665831883,0,0.27924512373510424,High variance in ltv
100023020488,2009-08-01,56765.4542402811,0.0525953273489566,240,714,0.36,0.55,Delinquent,3,50925.92592592592,100.0,0.2464978098869323,0.2081976532936096,0.2580308665831883,0,0.5151078202973326,High variance in ltv
100023020488,2009-08-01,55645.37594958515,0.0515224873929961,240,714,0.36,0.55,Prepaid,3,50925.92592592592,100.0,0.2762135664621989,0.2111243158578872,0.2569341858228047,0,0.23018873032346143,High variance in ltv
100023020488,2009-08-01,55113.517345251246,0.0573583603202161,240,714,0.36,0.55,Prepaid,3,50925.92592592592,80.0,0.2464978098869323,0.2041798730691274,0.2437680413325627,0,0.225249419474169,High variance in ltv
100023020488,2009-08-01,54207.4792615673,0.0520710765035493,240,714,0.36,0.55,Prepaid,3,50925.92592592592,100.0,0.2464978098869323,0.2064923693736394,0.2437680413325627,0,0.26604165485317266,High variance in ltv
100023020488,2009-08-01,55384.065448939305,0.0535026814517378,240,714,0.36,0.55,Current,3,50925.92592592592,100.0,0.2762135664621989,0.2286243140697479,0.2580308665831883,0,0.21057835404642156,High variance in ltv
100023020488,2009-08-01,54528.06813421057,0.0617159331331969,240,714,0.36,0.55,Current,3,50925.92592592592,80.0,0.2464978098869323,0.1569358532627423,0.3920634984970093,0,0.48058195100599,High variance in ltv
100023020488,2009-08-01,54892.96964004544,0.0495882221344788,240,714,0.36,0.55,Delinquent,3,50925.92592592592,100.0,0.2464978098869323,0.149616123487552,0.2580308665831883,0,0.24450831905079173,High variance in ltv
100023020488,2009-08-01,53679.76679297936,0.0551078941859768,240,714,0.36,0.55,Delinquent,3,50925.92592592592,100.0,0.2762135664621989,0.1362179468075434,0.2580308665831883,0,0.4126714599297099,High variance in ltv
100023020488,2009-08-01,55872.32063672068,0.0501143141208756,240,714,0.36,0.55,Delinquent,3,50925.92592592592,100.0,0.276926577091217,0.2286243140697479,0.2437680413325627,0,0.30120525702045464,High variance in ltv
100023020488,2009-08-01,55515.04768630605,0.0448563987554786,240,714,0.36,0.55,Prepaid,3,50925.92592592592,100.0,0.2464978098869323,0.2286243140697479,0.2437680413325627,0,0.648169605794463,High variance in ltv
100023020488,2009-08-01,54240.8673384463,0.0565489522396552,240,714,0.36,0.55,Prepaid,3,50925.92592592592,100.0,0.2762135664621989,0.2041798730691274,0.2437680413325627,0,0.2614892555930267,High variance in ltv
100023020488,2009-08-01,53405.57234120563,0.0584414190298799,240,714,0.36,0.55,Current,3,50925.92592592592,100.0,0.2762135664621989,0.2055216630299886,0.2580308665831883,0,0.5693958825728724,High variance in ltv
100023020488,2009-08-01,56551.15197552252,0.0550852513293462,240,714,0.36,0.55,Default,3,50925.92592592592,100.0,0.1563017268975575,0.174792210261027,0.2711970110734303,0,0.5016999419090726,High variance in ltv
100023020488,2009-08-01,56266.91114918662,0.0538196464595647,240,714,0.36,0.55,Delinquent,3,50925.92592592592,100.0,0.2464978098869323,0.2041798730691274,0.2711970110734303,0,0.39957382373663064,High variance in ltv
100023020488,2009-08-01,54887.67195030917,0.050686056547578,240,714,0.36,0.55,Prepaid,3,50925.92592592592,90.0,0.2464978098869323,0.2111243158578872,0.2580308665831883,0,0.1950304868385433,High variance in ltv
100023020488,2009-08-01,54227.17478546243,0.0542969739730244,240,714,0.36,0.55,Default,3,50925.92592592592,100.0,0.2464978098869323,0.1292735040187835,0.2711970110734303,0,0.2292763974128048,High variance in ltv
100023020488,2009-08-01,55280.99186773504,0.0573047998410174,240,714,0.36,0.55,Current,3,50925.92592592592,100.0,0.2464978098869323,0.2041798730691274,0.2437680413325627,0,0.26306073352515347,High variance in ltv
100023020488,2009-08-01,55120.2956317119,0.0600287806278676,240,714,0.36,0.55,Default,3,50925.92592592592,100.0,0.2472108205159505,0.1806641817092895,0.2711970110734303,0,0.3925364497831112,High variance in ltv
100023020488,2009-08-01,56163.16375215496,0.0520365620295982,240,714,0.36,0.55,Prepaid,3,50925.92592592592,100.0,0.2464978098869323,0.2111243158578872,0.2711970110734303,0,0.3604889091305046,High variance in ltv
100023020488,2009-08-01,53484.80893780145,0.0468534038599273,240,714,0.36,0.55,Prepaid,3,50925.92592592592,100.0,0.2464978098869323,0.2041798730691274,0.2437680413325627,0,0.7066258678466701,High variance in ltv
100023020488,2009-08-01,55097.67609854883,0.0506151647110611,240,714,0.36,0.55,Prepaid,3,50925.92592592592,100.0,0.2464978098869323,0.2111243158578872,0.2437680413325627,0,0.20019947971233232,High variance in ltv
100023020488,2009-08-01,54747.43184860684,0.0501857710866141,240,714,0.36,0.55,Prepaid,3,50925.92592592592,100.0,0.2464978098869323,0.2111243158578872,0.2580308665831883,0,0.2299999491818262,High variance in ltv
100023020488,2009-08-01,55045.571839903816,0.052959960507105,240,714,0.36,0.55,Default,3,50925.92592592592,100.0,0.2464978098869323,0.2041798730691274,0.2316468308369318,0,0.16842589141772046,High variance in ltv
100352555665,2009-09-01,165865.7551941701,0.0387342852344094,360,762,0.19,0.75,Prepaid,5,289473.6842105263,100.0,0.2827025552590688,0.2111243158578872,0.2459096560875574,0,0.4434686461440852,High variance in dti
100352555665,2009-09-01,164184.18971503456,0.0546321865613764,360,762,0.19,0.75,Default,5,289473.6842105263,100.0,0.1563017268975575,0.2319576491912206,0.2569341858228047,0,0.35190003298946215,High variance in dti
100352555665,2009-09-01,164436.27544719604,0.0513218503250906,360,762,0.19,0.75,Default,5,289473.6842105263,100.0,0.1563017268975575,0.2111243158578872,0.2580308665831883,0,0.16983586320106603,High variance in dti
100352555665,2009-09-01,165570.59866859316,0.0427493959253041,360,762,0.19,0.75,Prepaid,5,289473.6842105263,90.0,0.2464978098869323,0.2111243158578872,0.2580308665831883,0,0.16388270996187393,High variance in dti
100352555665,2009-09-01,165686.05145999845,0.0436356998642336,360,762,0.19,0.75,Prepaid,5,289473.6842105263,100.0,0.4096405307451884,0.2111243158578872,0.2580308665831883,0,0.14839130282856616,High variance in dti
100352555665,2009-09-01,164530.8243478953,0.0515157642666645,360,762,0.19,0.75,Current,5,289473.6842105263,100.0,0.1563017268975575,0.2111243158578872,0.2711970110734303,0,0.16315792479592583,High variance in dti
100352555665,2009-09-01,164750.96396044362,0.0552227893175889,360,762,0.19,0.75,Delinquent,5,289473.6842105263,100.0,0.1563017268975575,0.2319576491912206,0.2580308665831883,0,0.3809375069913654,High variance in dti
100352555665,2009-09-01,163569.85862203938,0.0537699649429134,360,762,0.19,0.75,Prepaid,5,289473.6842105263,100.0,0.2464978098869323,0.2286243140697479,0.2711970110734303,0,0.39606226586932425,High variance in dti
100352555665,2009-09-01,165021.00384163277,0.0517665094100826,360,762,0.19,0.75,Prepaid,5,289473.6842105263,100.0,0.1563017268975575,0.2111243158578872,0.2711970110734303,0,0.17016639911223008,High variance in dti
100352555665,2009-09-01,164179.3176816483,0.0446198823391607,360,762,0.19,0.75,Default,5,289473.6842105263,100.0,0.3799247741699219,0.2286243140697479,0.2580308665831883,0,0.20445275671564644,High variance in dti
100352555665,2009-09-01,165917.86194705477,0.0518828251477387,360,762,0.19,0.75,Current,5,289473.6842105263,100.0,0.1563017268975575,0.2111243158578872,0.2580308665831883,0,0.2513200530057029,High variance in dti
100352555665,2009-09-01,164102.74562851418,0.0413581361119248,360,762,0.19,0.75,Default,5,289473.6842105263,100.0,0.2464978098869323,0.2079528272151947,0.2459096560875574,0,0.3188028169768,High variance in dti
100352555665,2009-09-01,164423.10813047684,0.0434296068463163,360,762,0.19,0.75,Default,5,289473.6842105263,100.0,0.3799247741699219,0.2111243158578872,0.2580308665831883,0,0.1782123958563867,High variance in dti
100352555665,2009-09-01,163875.35790816214,0.0440513447086291,360,762,0.19,0.75,Default,5,289473.6842105263,100.0,0.1563017268975575,0.2111243158578872,0.2580308665831883,0,0.2653805022486798,High variance in dti
100352555665,2009-09-01,165046.98059376475,0.0439386235564747,360,762,0.19,0.75,Current,5,289473.6842105263,100.0,0.1563017268975575,0.2111243158578872,0.2580308665831883,0,0.1413250207591018,High variance in dti
100352555665,2009-09-01,164285.64858197363,0.0441906151693876,360,762,0.19,0.75,Default,5,289473.6842105263,100.0,0.1563017268975575,0.2111243158578872,0.2580308665831883,0,0.19272299454739095,High variance in dti
100352555665,2009-09-01,164796.954613957,0.0427904596505937,360,762,0.19,0.75,Prepaid,5,289473.6842105263,100.0,0.2464978098869323,0.2111243158578872,0.2580308665831883,0,0.1612717688290134,High variance in dti
100352555665,2009-09-01,165774.63405342933,0.0455281979403802,360,762,0.19,0.75,Prepaid,5,289473.6842105263,100.0,0.2827025552590688,0.2286243140697479,0.2437680413325627,0,0.14565138550444579,High variance in dti
100352555665,2009-09-01,163338.47993773103,0.0556557853472029,360,762,0.19,0.75,Current,5,289473.6842105263,100.0,0.1563017268975575,0.2319576491912206,0.2580308665831883,0,0.5219066120511973,High variance in dti
100352555665,2009-09-01,165067.5184814101,0.0515774018753267,360,762,0.19,0.75,Prepaid,5,289473.6842105263,100.0,0.1563017268975575,0.2111243158578872,0.2711970110734303,0,0.1665402669645789,High variance in dti
100352555665,2009-09-01,167720.16916658962,0.0519687702160346,360,762,0.19,0.75,Delinquent,5,289473.6842105263,100.0,0.1563017268975575,0.2111243158578872,0.2580308665831883,0,0.5590193219312156,High variance in dti
100352555665,2009-09-01,167092.38727568547,0.0499663204701135,360,762,0.19,0.75,Current,5,289473.6842105263,90.0,0.2827025552590688,0.2111243158578872,0.2580308665831883,0,0.4225492121218516,High variance in dti
100352555665,2009-09-01,166135.5656401806,0.0459720766454477,360,762,0.19,0.75,Current,5,289473.6842105263,100.0,0.3124183118343353,0.2041798730691274,0.2437680413325627,0,0.22543828869839988,High variance in dti
100352555665,2009-09-01,165401.71172209893,0.0457697005013767,360,762,0.19,0.75,Default,5,289473.6842105263,100.0,0.2827025552590688,0.2041798730691274,0.2437680413325627,0,0.14116332243237262,High variance in dti
100352555665,2009-09-01,166053.8020520349,0.0530281892940247,360,762,0.19,0.75,Delinquent,5,289473.6842105263,100.0,0.2827025552590688,0.2286243140697479,0.2316468308369318,0,0.357243231178469,High variance in dti
100352555665,2009-09-01,165203.46363586723,0.0514708043853453,360,762,0.19,0.75,Current,5,289473.6842105263,100.0,0.1563017268975575,0.2111243158578872,0.2711970110734303,0,0.18291569550478826,High variance in dti
100352555665,2009-09-01,165497.99829124546,0.0434376661205286,360,762,0.19,0.75,Default,5,289473.6842105263,100.0,0.3799247741699219,0.2111243158578872,0.2580308665831883,0,0.1234761899521355,High variance in dti
100352555665,2009-09-01,165757.5077100473,0.0479222839499351,360,762,0.19,0.75,Prepaid,5,289473.6842105263,100.0,0.2464978098869323,0.2319576491912206,0.2580308665831883,0,0.13450587086300037,High variance in dti
100352555665,2009-09-01,165081.87413938632,0.0473694201213956,360,762,0.19,0.75,Current,5,289473.6842105263,100.0,0.2464978098869323,0.2319576491912206,0.2711970110734303,0,0.12607562781469928,High variance in dti
100352555665,2009-09-01,163762.18450117315,0.0486968728061395,360,762,0.19,0.75,Current,5,289473.6842105263,100.0,0.2472108205159505,0.2286243140697479,0.2580308665831883,0,0.257499925725149,High variance in dti
100352555665,2009-09-01,166479.94413889002,0.0487863701555364,360,762,0.19,0.75,Prepaid,5,289473.6842105263,100.0,0.2472108205159505,0.2286243140697479,0.2580308665831883,0,0.30096003354926026,High variance in dti
100352555665,2009-09-01,163802.12210741115,0.0494146590887775,360,762,0.19,0.75,Delinquent,5,289473.6842105263,100.0,0.3799247741699219,0.2048733333746592,0.2580308665831883,0,0.2546505261107096,High variance in dti
100352555665,2009-09-01,165385.31737972883,0.0436999180057262,360,762,0.19,0.75,Prepaid,5,289473.6842105263,100.0,0.4096405307451884,0.2111243158578872,0.2580308665831883,0,0.13837333226618698,High variance in dti
100352555665,2009-09-01,163997.4706353622,0.0594119103241869,360,762,0.19,0.75,Current,5,289473.6842105263,100.0,0.4096405307451884,0.136726493636767,0.2580308665831883,0,0.536195238350809,High variance in dti
100352555665,2009-09-01,165074.09478041978,0.0474210736626826,360,762,0.19,0.75,Default,5,289473.6842105263,100.0,0.2464978098869323,0.2319576491912206,0.2580308665831883,0,0.12607562781469928,High variance in dti
100352555665,2009-09-01,165629.6288419236,0.045325489317785,360,762,0.19,0.75,Default,5,289473.6842105263,100.0,0.4096405307451884,0.207111453016599,0.2437680413325627,0,0.13364243983289226,High variance in dti
100352555665,2009-09-01,164191.70171464485,0.0493533604877533,360,762,0.19,0.75,Delinquent,5,289473.6842105263,100.0,0.38063778479894,0.2048733333746592,0.2580308665831883,0,0.19961114763316545,High variance in dti
100352555665,2009-09-01,165955.14232050124,0.0434726144041987,360,762,0.19,0.75,Prepaid,5,289473.6842105263,100.0,0.4096405307451884,0.2111243158578872,0.2580308665831883,0,0.22065591789394412,High variance in dti
100352555665,2009-09-01,164927.17108734313,0.042000778152676,360,762,0.19,0.75,Current,5,289473.6842105263,100.0,0.1563017268975575,0.2041798730691274,0.2580308665831883,0,0.23119674069500373,High variance in dti
100352555665,2009-09-01,163922.2552220707,0.0456210653995017,360,762,0.19,0.75,Delinquent,5,289473.6842105263,100.0,0.2827025552590688,0.2286243140697479,0.2437680413325627,0,0.23978085134334592,High variance in dti
100352555665,2009-09-01,164136.0092303202,0.0499812678301361,360,762,0.19,0.75,Default,5,289473.6842105263,100.0,0.2827025552590688,0.2111243158578872,0.2580308665831883,0,0.20127340227045687,High variance in dti
100352555665,2009-09-01,164910.87996048722,0.0481620487309202,360,762,0.19,0.75,Default,5,289473.6842105263,90.0,0.2464978098869323,0.2319576491912206,0.2580308665831883,0,0.1285306387253784,High variance in dti
100352555665,2009-09-01,163592.53622562345,0.0424730853382333,360,762,0.19,0.75,Delinquent,5,289473.6842105263,100.0,0.1563017268975575,0.2286243140697479,0.2437680413325627,0,0.34205378834662703,High variance in dti
100352555665,2009-09-01,165462.10347426328,0.0423609165620456,360,762,0.19,0.75,Default,5,289473.6842105263,100.0,0.1563017268975575,0.2286243140697479,0.2437680413325627,0,0.19848156565131803,High variance in dti
100352555665,2009-09-01,165633.919022318,0.0379757166406711,360,762,0.19,0.75,Prepaid,5,289473.6842105263,90.0,0.3124183118343353,0.2111243158578872,0.2580308665831883,0,0.45842064470425525,High variance in dti
100352555665,2009-09-01,165755.39122582576,0.0476451076288517,360,762,0.19,0.75,Delinquent,5,289473.6842105263,100.0,0.2464978098869323,0.2319576491912206,0.2580308665831883,0,0.14277658596472054,High variance in dti
100352555665,2009-09-01,166876.1708392159,0.0485459003961421,360,762,0.19,0.75,Prepaid,5,289473.6842105263,100.0,0.2472108205159505,0.2286243140697479,0.2580308665831883,0,0.3769167934768931,High variance in dti
100352555665,2009-09-01,164408.42861116416,0.0550239709099218,360,762,0.19,0.75,Delinquent,5,289473.6842105263,100.0,0.1563017268975575,0.2319576491912206,0.2711970110734303,0,0.3672582419085464,High variance in dti
100352555665,2009-09-01,163617.20026903567,0.0421653216450638,360,762,0.19,0.75,Prepaid,5,289473.6842105263,90.0,0.1563017268975575,0.2049545844395955,0.2580308665831883,0,0.35978165887251823,High variance in dti
100352555665,2009-09-01,164506.99906534117,0.0520466490168212,360,762,0.19,0.75,Current,5,289473.6842105263,100.0,0.1563017268975575,0.2111243158578872,0.2580308665831883,0,0.1839926788237607,High variance in dti
